Workbook
Name AgnesLevelCurrent: 'Dawn Academy Alternate Layout'!$B$71
Name AgnesLevelCurrent: 'Dawn Academy'!$B$43
Name AgnesLevelDesired: 'Dawn Academy Alternate Layout'!$B$73
Name AgnesLevelDesired: 'Dawn Academy'!$B$45
Name AllSpeedupSecs: Lists!$A$100
Name ApeCurrent: Pets!$D$14
Name ApeDesired: Pets!$E$14
Name ApeFood: 'Pet Data'!$CG$27
Name ApeManuals: 'Pet Data'!$CI$27
Name ApePoints: 'Pet Data'!$CO$27
Name ApePotions: 'Pet Data'!$CK$27
Name ApeSerum: 'Pet Data'!$CM$27
Name ArenaEliteCurrent: 'Dawn Academy Alternate Layout'!$O$70
Name ArenaEliteCurrent: 'Dawn Academy'!$S$46
Name ArenaEliteDesired: 'Dawn Academy Alternate Layout'!$O$72
Name ArenaEliteDesired: 'Dawn Academy'!$S$48
Name ArenaStarCurrent: 'Dawn Academy Alternate Layout'!$S$70
Name ArenaStarCurrent: 'Dawn Academy'!$AA$46
Name ArenaStarDesired: 'Dawn Academy Alternate Layout'!$S$72
Name ArenaStarDesired: 'Dawn Academy'!$AA$48
Name BaldurLevelCurrent: 'Dawn Academy'!$B$71
Name BaldurLevelDesired: 'Dawn Academy'!$B$73
Name BarricadeCurrent: Construction!$D$38
Name BarricadeDays: Barricade!$Q$19
Name BarricadeDesired: Construction!$D$40
Name BarricadeHours: Barricade!$Q$20
Name BarricadeMinutes: Barricade!$Q$21
Name BarricadeSeconds: Barricade!$Q$22
Name BarricadeSecs: Barricade!$Q$17
Name BaseTier: 'Troop Calculator'!$E$14
Name BattleBulwarkCurrent: 'Dawn Academy'!$AE$68
Name BattleBulwarkDesired: 'Dawn Academy'!$AE$70
Name BlazingSunriseCurrent: 'Dawn Academy'!$S$79
Name BlazingSunriseDesired: 'Dawn Academy'!$S$81
Name BountyHunterCurrent: 'Dawn Academy'!$AA$79
Name BountyHunterDesired: 'Dawn Academy'!$AA$81
Name BuildersAide: Construction!$F$9
Name CallOfWarCurrent: 'Dawn Academy Alternate Layout'!$O$81
Name CallOfWarCurrent: 'Dawn Academy'!$S$57
Name CallOfWarDesired: 'Dawn Academy Alternate Layout'!$O$83
Name CallOfWarDesired: 'Dawn Academy'!$S$59
Name ChameleonCurrent: Pets!$D$19
Name ChameleonDesired: Pets!$E$19
Name ChameleonFood: 'Pet Data'!$EE$27
Name ChameleonManuals: 'Pet Data'!$EG$27
Name ChameleonPoints: 'Pet Data'!$EM$27
Name ChameleonPotions: 'Pet Data'!$EI$27
Name ChameleonSerum: 'Pet Data'!$EK$27
Name CoalCurrent: Construction!$F$38
Name CoalDays: 'Coal Mine'!$Q$39
Name CoalDesired: Construction!$F$40
Name CoalHours: 'Coal Mine'!$Q$40
Name CoalMineSecs: 'Coal Mine'!$Q$37
Name CoalMinutes: 'Coal Mine'!$Q$41
Name CoalSeconds: 'Coal Mine'!$Q$42
Name CoatCurrentLevel: 'Chief Gear & Charms'!$B$22
Name CoatDesiredLevel: 'Chief Gear & Charms'!$D$22
Name CoatLeftCurrentLevel: 'Chief Gear & Charms'!$C$26
Name CoatLeftDesiredLevel: 'Chief Gear & Charms'!$C$28
Name CoatRightCurrentLevel: 'Chief Gear & Charms'!$E$26

Sheet Construction
A1: Version | C1: 3.1b | E1: (631) Zerethusta's Whiteout Survival Calculator (RIP 631, now 646)
A2: Last Updated | C2: 45964
A4: Bonuses | H4: Resources | U4: How To Find Your Speedup Minutes
A5: What is your Construction Speed Percentage? | F5: 0.886 | H5: Meat | J5: Wood | L5: Coal | N5: Iron | P5: Fire Crystals | R5: Refined FC's
A6: Does your state have Supreme Presidency? | F6: Yes / No | H6: 5000000000 | J6: 5000000000 | L6: 1000000000 | N6: 500000000 | P6: 5000 | R6: 250
A7: Add Mercantilism 10% Bonus? | F7: Yes / No
A8: ="Add Vice President "&IF(SupremePresident="Yes",15,10)&"% Bonus?" -> Add Vice President 10% Bonus? | F8: Yes / No | H8: Only Input Data In The Orange Boxes. Don't Blame Me If You Put Info In Other Boxes And It No Longer Works. | P8: Speedups (in Minutes)
A9: Hyena Skill (Builder's Aide) % | F9: 0.15 | P9: General | R9: Construction
A10: Zinman's Middle Expedition Skill (Resourceful) % | F10: 0.15 | P10: 100000 | R10: 15000
H11: -Z | P11: =Lists!A59&"d "&Lists!A60&":"&Lists!A61&":"&Lists!A62 -> 69d 10:40:0 | R11: =Lists!A52&"d "&Lists!A53&":"&Lists!A54&":"&Lists!A62 -> 10d 10:0:0
A13: Construction Calculator (See other sheets for other calculators)
C16: Fire Crystal Buildings
C19: Furnace | E19: Comm. Ctr. | G19: Embassy | I19: Infirmary | K19: Infantry Camp | M19: Lancer Camp | O19: Marksman Camp | Q19: War Academy
C20: Current | E20: Current | G20: Current | I20: Current | K20: Current | M20: Current | O20: Current | Q20: Current
C21: FC8 | E21: FC8 | G21: FC8 | I21: FC8 | K21: FC8 | M21: FC8 | O21: FC8 | Q21: FC5
C22: Desired | E22: Desired | G22: Desired | I22: Desired | K22: Desired | M22: Desired | O22: Desired | Q22: Desired
C23: FC9 | E23: FC9 | G23: FC9 | K23: FC9 | M23: FC9 | O23: FC9
C24: =C23&" Furnace Needs ->" -> FC9 Furnace Needs -> | E24: =VLOOKUP($C$23,Furnace!$B$5:$AI$85,23,FALSE) -> 1 | G24: =VLOOKUP($C$23,Furnace!$B$5:$AI$85,25,FALSE) -> FC8 | I24: =VLOOKUP($C$23,Furnace!$B$5:$AI$85,28,FALSE) -> 1 | K24: =VLOOKUP($C$23,Furnace!$B$5:$AI$85,27,FALSE) -> FC8 | M24: =VLOOKUP($C$23,Furnace!$B$5:$AI$85,30,FALSE) -> FC7 | O24: =VLOOKUP($C$23,Furnace!$B$5:$AI$85,31,FALSE) -> FC6 | Q24: -
B25: Meat | C25: =IFERROR(Furnace!$E$87*(1-Zinman),0) -> 595000000 | E25: =IFERROR('Command Center'!$E$87*(1-Zinman),0) -> 182750000 | G25: =IFERROR(Embassy!$E$87*(1-Zinman),0) -> 123250000 | I25: =IFERROR(Infirmary!$E$87*(1-Zinman),0) -> 0 | K25: =IFERROR('Infantry Camp'!$E$87*(1-Zinman),0) -> 212500000 | M25: =IFERROR('Lancer Camp'!$E$87*(1-Zinman),0) -> 212500000 | O25: =IFERROR('Marksman Camp'!$E$87*(1-Zinman),0) -> 212500000 | Q25: =IFERROR('War Academy'!E53*(1-Zinman),0) -> 0 | S25: Meat
B26: Wood | C26: =IFERROR(Furnace!G87*(1-Zinman),0) -> 595000000 | E26: =IFERROR('Command Center'!G87*(1-Zinman),0) -> 182750000 | G26: =IFERROR(Embassy!G87*(1-Zinman),0) -> 123250000 | I26: =IFERROR(Infirmary!G87*(1-Zinman),0) -> 0 | K26: =IFERROR('Infantry Camp'!G87*(1-Zinman),0) -> 212500000 | M26: =IFERROR('Lancer Camp'!G87*(1-Zinman),0) -> 212500000 | O26: =IFERROR('Marksman Camp'!G87*(1-Zinman),0) -> 212500000 | Q26: =IFERROR('War Academy'!G53*(1-Zinman),0) -> 0 | S26: Wood
B27: Coal | C27: =IFERROR(Furnace!I87*(1-Zinman),0) -> 123250000 | E27: =IFERROR('Command Center'!I87*(1-Zinman),0) -> 36975000 | G27: =IFERROR(Embassy!I87*(1-Zinman),0) -> 24650000 | I27: =IFERROR(Infirmary!I87*(1-Zinman),0) -> 0 | K27: =IFERROR('Infantry Camp'!I87*(1-Zinman),0) -> 42500000 | M27: =IFERROR('Lancer Camp'!I87*(1-Zinman),0) -> 42500000 | O27: =IFERROR('Marksman Camp'!I87*(1-Zinman),0) -> 42500000 | Q27: =IFERROR('War Academy'!I53*(1-Zinman),0) -> 0 | S27: Coal
B28: Iron | C28: =IFERROR(Furnace!K87*(1-Zinman),0) -> 30600000 | E28: =IFERROR('Command Center'!K87*(1-Zinman),0) -> 8925000 | G28: =IFERROR(Embassy!K87*(1-Zinman),0) -> 5950000 | I28: =IFERROR(Infirmary!K87*(1-Zinman),0) -> 0 | K28: =IFERROR('Infantry Camp'!K87*(1-Zinman),0) -> 10625000 | M28: =IFERROR('Lancer Camp'!K87*(1-Zinman),0) -> 10625000 | O28: =IFERROR('Marksman Camp'!K87*(1-Zinman),0) -> 10625000 | Q28: =IFERROR('War Academy'!K53*(1-Zinman),0) -> 0 | S28: Iron
B29: Fire Crystals | C29: =IFERROR(Furnace!M87,0) -> 1400 | E29: =IFERROR('Command Center'!M87,0) -> 252 | G29: =IFERROR(Embassy!M87,0) -> 315 | I29: =IFERROR(Infirmary!M87,0) -> 0 | K29: =IFERROR('Infantry Camp'!M87,0) -> 567 | M29: =IFERROR('Lancer Camp'!M87,0) -> 567 | O29: =IFERROR('Marksman Camp'!M87,0) -> 567 | Q29: =IFERROR('War Academy'!M53,0) -> 0 | S29: FC's | V29: Construction Time
B30: Refined FCs | C30: =IFERROR(Furnace!O87,0) -> 180 | E30: =IFERROR('Command Center'!O87,0) -> 36 | G30: =IFERROR(Embassy!O87,0) -> 43 | I30: =IFERROR(Infirmary!O87,0) -> 0 | K30: =IFERROR('Infantry Camp'!O87,0) -> 79 | M30: =IFERROR('Lancer Camp'!O87,0) -> 79 | O30: =IFERROR('Marksman Camp'!O87,0) -> 79 | Q30: =IFERROR('War Academy'!O53,0) -> 0 | S30: Refined | V30: Raw Time Unadjusted
B31: Unboosted Time | C31: =IFERROR(FurnaceDays&"d "&FurnaceHours&":"&FurnaceMinutes&":"&FurnaceSeconds,"0d 0:0:0") -> 65d 0:0:0 | E31: =IFERROR(CommCtrDays&"d "&CommCtrHours&":"&CommCtrMinutes&":"&CommCtrSeconds,"0d 0:0:0") -> 7d 19:10:0 | G31: =IFERROR(EmbassyDays&"d "&EmbassyHours&":"&EmbassyMinutes&":"&EmbassySeconds,"0d 0:0:0") -> 42d 21:35:0 | I31: =IFERROR(InfirmaryDays&"d "&InfirmaryHours&":"&InfirmaryMinutes&":"&InfirmarySeconds,"0d 0:0:0") -> 0d 0:0:0 | K31: =IFERROR(InfantryDays&"d "&InfantryHours&":"&InfantryMinutes&":"&InfantrySeconds,"0d 0:0:0") -> 9d 18:0:0 | M31: =IFERROR(LancerDays&"d "&LancerHours&":"&LancerMinutes&":"&LancerSeconds,"0d 0:0:0") -> 9d 18:0:0 | O31: =IFERROR(MarksmanDays&"d "&MarksmanHours&":"&MarksmanMinutes&":"&MarksmanSeconds,"0d 0:0:0") -> 9d 18:0:0 | Q31: =IFERROR(WarAcademyDays&"d "&WarAcademyHours&":"&WarAcademyMinutes&":"&WarAcademySeconds,"0d 0:0:0") -> 0d 0:0:0 | V31: =IFERROR(TotalDays&"d "&TotalHours&":"&TotalMinutes&":"&TotalSeconds,0) -> 0
V32: Adjusted Time (Mercantilism, VP, Double Time, & Builder's Aide)
D33: Other Buildings
V34: =IFERROR(DTBADays&"d "&DTBAHours&":"&DTBAMinutes&":"&DTBASeconds,0) -> 0
V35: Construction & General Speedups Available
D36: Barricade | F36: Coal Mine | H36: Hunter's Hut | J36: Iron Mine | L36: Research Ctr. | N36: Sawmill | P36: Shelter
D37: Current | F37: Current | H37: Current | J37: Current | L37: Current | N37: Current | P37: Current | V37: =IFERROR(Lists!A66&"d "&Lists!A67&":"&Lists!A68&":"&Lists!A69,0) -> 79d 20:40:0
D38: 10 | F38: 30 | H38: 30 | J38: 30 | L38: 30 | N38: 30 | P38: 10
D39: Desired | F39: Desired | H39: Desired | J39: Desired | L39: Desired | N39: Desired | P39: Desired | V39: Total Resource Cost | X39: Resources Available | Z39: Resources Needed | AB39: SVS Points
D41: =$C$23&" Furnace Needs ->" -> FC9 Furnace Needs -> | F41: 3 | H41: =VLOOKUP($C$23,Furnace!$B$5:$AI$85,26,FALSE) -> 6 | J41: =VLOOKUP($C$23,Furnace!$B$5:$AI$85,29,FALSE) -> 5 | L41: =VLOOKUP($C$23,Furnace!$B$5:$AI$85,32,FALSE) -> 30 | N41: =VLOOKUP($C$23,Furnace!$B$5:$AI$85,33,FALSE) -> 1 | P41: =VLOOKUP($C$23,Furnace!$B$5:$AI$85,34,FALSE) -> 3 | U41: Meat | V41: =SUM(C25:R25)+SUM(D42:Q42) -> 1538500000 | X41: =H6 -> 5000000000 | Z41: =IF(V41-X41>0,V41-X41,"-") -> - | AD41: Meat
C42: Meat | D42: =Barricade!$D$17*(1-Zinman) -> 0 | F42: ='Coal Mine'!$D$37*(1-Zinman) -> 0 | H42: ='Hunter''s Hut'!$D$37*(1-Zinman) -> 0 | J42: ='Iron Mine'!$D$37*(1-Zinman) -> 0 | L42: ='Research Center'!$D$37*(1-Zinman) -> 0 | N42: =Sawmill!$D$37*(1-Zinman) -> 0 | P42: =Shelter!$D$17*(1-Zinman) -> 0 | R42: Meat | U42: Wood | V42: =SUM(C26:R26)+SUM(D43:Q43) -> 1538500000 | X42: =J6 -> 5000000000 | Z42: =IF(V42-X42>0,V42-X42,"-") -> - | AD42: Wood
C43: Wood | D43: =Barricade!F17*(1-Zinman) -> 0 | F43: ='Coal Mine'!$F$37*(1-Zinman) -> 0 | H43: ='Hunter''s Hut'!$F$37*(1-Zinman) -> 0 | J43: ='Iron Mine'!$F$37*(1-Zinman) -> 0 | L43: ='Research Center'!$F$37*(1-Zinman) -> 0 | N43: =Sawmill!$F$37*(1-Zinman) -> 0 | P43: =Shelter!$F$17*(1-Zinman) -> 0 | R43: Wood | U43: Coal | V43: =SUM(C27:R27)+SUM(D44:Q44) -> 312375000 | X43: =L6 -> 1000000000 | Z43: =IF(V43-X43>0,V43-X43,"-") -> - | AD43: Coal
C44: Coal | D44: =Barricade!H17*(1-Zinman) -> 0 | F44: ='Coal Mine'!$H$37*(1-Zinman) -> 0 | H44: ='Hunter''s Hut'!$H$37*(1-Zinman) -> 0 | J44: ='Iron Mine'!$H$37*(1-Zinman) -> 0 | L44: ='Research Center'!$H$37*(1-Zinman) -> 0 | N44: =Sawmill!$H$37*(1-Zinman) -> 0 | P44: =Shelter!$H$17*(1-Zinman) -> 0 | R44: Coal | U44: Iron | V44: =SUM(C28:R28)+SUM(D45:Q45) -> 77350000 | X44: =N6 -> 500000000 | Z44: =IF(V44-X44>0,V44-X44,"-") -> - | AD44: Iron
C45: Iron | D45: =Barricade!J17*(1-Zinman) -> 0 | F45: ='Coal Mine'!$J$37*(1-Zinman) -> 0 | H45: ='Hunter''s Hut'!$J$37*(1-Zinman) -> 0 | J45: ='Iron Mine'!$J$37*(1-Zinman) -> 0 | L45: ='Research Center'!$J$37*(1-Zinman) -> 0 | N45: =Sawmill!$J$37*(1-Zinman) -> 0 | P45: =Shelter!$J$17*(1-Zinman) -> 0 | R45: Iron | U45: FC | V45: =SUM(C29:R29) -> 3668 | X45: =P6 -> 5000 | Z45: =IF(V45-X45>0,V45-X45,"-") -> - | AB45: =V45*2000 -> 7336000 | AD45: FC
C46: Unboosted Time | D46: =BarricadeDays&"d "&BarricadeDays&":"&BarricadeMinutes&":"&BarricadeSeconds -> 0d 0:0:0 | F46: =CoalDays&"d "&CoalHours&":"&CoalMinutes&":"&CoalSeconds -> 0d 0:0:0 | H46: =HuntersHutDays&"d "&HuntersHutHours&":"&HuntersHutMinutes&":"&HuntersHutSeconds -> 0d 0:0:0 | J46: =IronDays&"d "&IronHours&":"&IronMinutes&":"&IronSeconds -> 0d 0:0:0 | L46: =ResearchDays&"d "&ResearchHours&":"&ResearchMinutes&":"&ResearchMinutes -> 0d 0:0:0 | N46: =SawmillDays&"d "&SawmillHours&":"&SawmillMinutes&":"&SawmillSeconds -> 0d 0:0:0 | P46: =ShelterDays&"d "&ShelterHours&":"&ShelterMinutes&":"&ShelterSeconds -> 0d 0:0:0 | R46: Unboosted Time | U46: Refined FC | V46: =SUM(C30:R30) -> 496 | X46: =R6 -> 250 | Z46: =IF(V46-X46>0,V46-X46,"-") -> 246 | AB46: =V46*30000 -> 14880000 | AD46: Refined FC
U47: Time Cost | V47: =IFERROR(DTBADays&"d "&DTBAHours&":"&DTBAMinutes&":"&DTBASeconds,"0d 0:0:0") -> 0d 0:0:0 | X47: =Lists!A66&"d "&Lists!A67&":"&Lists!A68&":"&Lists!A69 -> 79d 20:40:0 | Z47: =IFERROR(IF(NeededSpeedupSecs>0,Lists!A73&"d "&Lists!A74&":"&Lists!A75&":"&Lists!A76,"-"),"0d 0:0:0") -> 0d 0:0:0 | AB47: =IFERROR(DTBASecs/60*30,0) -> 0 | AD47: <- May be lower based on # of helps, or if not using speedups for all builds
AA48: Total SVS Points | AB48: =SUM(AB45:AC47) -> 22216000
A49: Refined Fire Crystal Information
K52: You can super refine 100 times per week once FC6 unlocks in your state.
K53: 20x Tier 1 unlocks Tier 2, 20x Tier 2 unlocks Tier 3, etc.
D54: Refined FC's Needed For Your Build | K54: Your FIRST Super Refinement every day gets a 50% discount
K55: Choose what you'll be doing, get to your chosen tier on Monday
D56: =Z46 -> 246 | K56: Maximize the discount by doing at least 1 refinement Tuesday to Sunday
K57: See the Fire Crystal Refinement tab for the data if you're interested
D58: How Many Weeks To Desired Build Per Super Refinement Tier (Refined Fire Crystals)
D59: Minimum Cost
D60: Tier 1 | G60: Tier 2 | J60: Tier 3 | M60: Tier 4 | P60: Tier 5
C61: Day 1 Super Refinement | D61: 1 x T1 (1 Total) | G61: 20 T1 (20 Total) | J61: 20 T1, 20 T2 (40 Total) | M61: 20 T1, 20 T2, 20 T3 (60 Total) | P61: 20 T1, 20 T2, 20 T3, 20 T4 (80 Total) | S61: <- How many refinements to do on Monday
C62: Days 2-7 Super Refinement | D62: 1 x T1 | G62: 1 x T2 | J62: 1 x T3 | M62: 1 x T4 | P62: 1 x T5 | S62: <- How many refinements to do Tuesday-Sunday
C63: FC Cost Per Week | D63: ='Fire Crystal Refinement'!D22 -> 70 | G63: ='Fire Crystal Refinement'!H22 -> 540 | J63: ='Fire Crystal Refinement'!L22 -> 1690 | M63: ='Fire Crystal Refinement'!P22 -> 3780 | P63: ='Fire Crystal Refinement'!T22 -> 6470 | S63: <- How many FC's per week it will cost
C64: RFC Expected Return | D64: ='Fire Crystal Refinement'!D24 -> 10.15 | G64: ='Fire Crystal Refinement'!H24 -> 41.9 | J64: ='Fire Crystal Refinement'!L24 -> 91.08 | M64: ='Fire Crystal Refinement'!P24 -> 156.21 | P64: ='Fire Crystal Refinement'!T24 -> 226.56 | S64: <- How many Refined FC's you can expect per week
C65: ="Weeks to "&Construction!$Z$46&" Refined FC's" -> Weeks to 246 Refined FC's | D65: =IFERROR(Construction!$Z$46/D64,"-") -> 24.236453 | G65: =IFERROR(Construction!$Z$46/G64,"-") -> 5.8711217 | J65: =IFERROR(Construction!$Z$46/J64,"-") -> 2.7009223 | M65: =IFERROR(Construction!$Z$46/M64,"-") -> 1.5748031 | P65: =IFERROR(Construction!$Z$46/P64,"-") -> 1.0858051 | S65: <- How many weeks to get the Refined FC's needed for your build
C66: Total Expected FC Cost | D66: =IFERROR(D65*D63,"-") -> 1696.5517 | G66: =IFERROR(G65*G63,"-") -> 3170.4057 | J66: =IFERROR(J65*J63,"-") -> 4564.5586 | M66: =IFERROR(M65*M63,"-") -> 5952.7559 | P66: =IFERROR(P65*P63,"-") -> 7025.1589 | S66: <- Total expected FC cost
D67: Maximum Cost (while still being efficient)
D68: Tier 1 | G68: Tier 2 | J68: Tier 3 | M68: Tier 4 | P68: Tier 5
C69: Day 1 Super Refinement | D69: 14 x T1 | G69: 20 T1, 14 T2 (34 Total) | J69: 20 T1, 20 T2, 14 T3 (54 Total) | M69: 20 T1, 20 T2, 20 T3, 14 T4 (74 Total) | P69: 20 T1, T2, T3, T4, 14 T5 (94 Total) | S69: <- How many refinements to do on Monday
C70: Days 2-7 Super Refinement | D70: 1 x T1 | G70: 1 x T2 | J70: 1 x T3 | M70: 1 x T4 | P70: 1 x T5 | S70: <- How many refinements to do Tuesday-Sunday
C71: FC Cost Per Week | D71: ='Fire Crystal Refinement'!D29 -> 330 | G71: ='Fire Crystal Refinement'!H29 -> 1240 | J71: ='Fire Crystal Refinement'!L29 -> 3090 | M71: ='Fire Crystal Refinement'!P29 -> 5600 | P71: ='Fire Crystal Refinement'!T29 -> 8710 | S71: <- How many FC's per week it will cost
C72: RFC Expected Return | D72: ='Fire Crystal Refinement'!D31 -> 29 | G72: ='Fire Crystal Refinement'!H31 -> 72 | J72: ='Fire Crystal Refinement'!L31 -> 135.6 | M72: ='Fire Crystal Refinement'!P31 -> 204.3 | P72: ='Fire Crystal Refinement'!T31 -> 278.5 | S72: <- How many Refined FC's you can expect per week
C73: ="Weeks to "&Construction!$Z$46&" Refined FC's" -> Weeks to 246 Refined FC's | D73: =IFERROR(Construction!$Z$46/D72,"-") -> 8.4827586 | G73: =IFERROR(Construction!$Z$46/G72,"-") -> 3.4166667 | J73: =IFERROR(Construction!$Z$46/J72,"-") -> 1.8141593 | M73: =IFERROR(Construction!$Z$46/M72,"-") -> 1.2041116 | P73: =IFERROR(Construction!$Z$46/P72,"-") -> 0.88330341 | S73: <- How many weeks to get the Refined FC's needed for your build
C74: Total Expected FC Cost | D74: =IFERROR(D73*D71,"-") -> 2799.3103 | G74: =IFERROR(G73*G71,"-") -> 4236.6667 | J74: =IFERROR(J73*J71,"-") -> 5605.7522 | M74: =IFERROR(M73*M71,"-") -> 6743.025 | P74: =IFERROR(P73*P71,"-") -> 7693.5727 | S74: <- Total expected FC cost

Sheet Furnace
B2: 1 | C2: 2 | D2: 3 | E2: 4 | F2: 5 | G2: 6 | H2: 7 | I2: 8 | J2: 9 | K2: 10 | L2: 11 | M2: 12 | N2: 13 | O2: 14 | P2: 15 | Q2: 16 | R2: 17 | S2: 18 | T2: 19 | U2: 20 | V2: 21 | W2: 22 | X2: 23 | Y2: 24 | Z2: 25 | AA2: 26 | AB2: 27 | AC2: 28 | AD2: 29 | AE2: 30 | AF2: 31 | AG2: 32 | AH2: 33 | AI2: 34
B3: Furnace | D3: Resource Cost | Q3: Building Time | X3: Preqrequisite Levels
B4: =#REF! -> #REF! | D4: Meat | F4: Wood | H4: Coal | J4: Iron | L4: Fire Crystals | N4: Refined FCs | U4: Seconds | X4: Command Center | Y4: Coal Mine | Z4: Embassy | AA4: Hunter's Hut | AB4: Infantry Camp | AC4: Infirmary | AD4: Iron Mine | AE4: Lancer Camp | AF4: Marksman Camp | AG4: Research Center | AH4: Sawmill | AI4: Shelter
B5: 0 | C5: Numerical | D5: Total | E5: Remaining | F5: Total | G5: Remaining | H5: Total | I5: Remaining | J5: Total | K5: Remaining | L5: Total | M5: Remaining | N5: Total | O5: Remaining | Q5: Days | R5: Hours | S5: Minutes | T5: Seconds | U5: Total | V5: Remaining
B6: 1 | C6: 1 | E6: =IF($C6>VLOOKUP(FurnaceDesired,$B$6:$C$85,2,FALSE),"",IF($C6>VLOOKUP(FurnaceCurrent,$B$6:$C$85,2,FALSE),D6,"")) | G6: =IF($C6>VLOOKUP(FurnaceDesired,$B$6:$C$85,2,FALSE),"",IF($C6>VLOOKUP(FurnaceCurrent,$B$6:$C$85,2,FALSE),F6,"")) | I6: =IF($C6>VLOOKUP(FurnaceDesired,$B$6:$C$85,2,FALSE),"",IF($C6>VLOOKUP(FurnaceCurrent,$B$6:$C$85,2,FALSE),H6,"")) | K6: =IF($C6>VLOOKUP(FurnaceDesired,$B$6:$C$85,2,FALSE),"",IF($C6>VLOOKUP(FurnaceCurrent,$B$6:$C$85,2,FALSE),J6,"")) | M6: =IF($C6>VLOOKUP(FurnaceDesired,$B$6:$C$85,2,FALSE),"",IF($C6>VLOOKUP(FurnaceCurrent,$B$6:$C$85,2,FALSE),L6,"")) | O6: =IF($C6>VLOOKUP(FurnaceDesired,$B$6:$C$85,2,FALSE),"",IF($C6>VLOOKUP(FurnaceCurrent,$B$6:$C$85,2,FALSE),N6,"")) | U6: =T6+S6*60+R6*60*60+Q6*60*60*24 -> 0 | V6: =IF($C6>VLOOKUP(FurnaceDesired,$B$6:$C$85,2,FALSE),"",IF($C6>VLOOKUP(FurnaceCurrent,$B$6:$C$85,2,FALSE),U6,"")) | X6: - | Y6: - | Z6: - | AA6: - | AB6: - | AC6: - | AD6: - | AE6: - | AF6: - | AG6: - | AH6: - | AI6: -
B7: 2 | C7: 2 | E7: =IF($C7>VLOOKUP(FurnaceDesired,$B$6:$C$85,2,FALSE),"",IF($C7>VLOOKUP(FurnaceCurrent,$B$6:$C$85,2,FALSE),D7,"")) | F7: 180 | G7: =IF($C7>VLOOKUP(FurnaceDesired,$B$6:$C$85,2,FALSE),"",IF($C7>VLOOKUP(FurnaceCurrent,$B$6:$C$85,2,FALSE),F7,"")) | I7: =IF($C7>VLOOKUP(FurnaceDesired,$B$6:$C$85,2,FALSE),"",IF($C7>VLOOKUP(FurnaceCurrent,$B$6:$C$85,2,FALSE),H7,"")) | K7: =IF($C7>VLOOKUP(FurnaceDesired,$B$6:$C$85,2,FALSE),"",IF($C7>VLOOKUP(FurnaceCurrent,$B$6:$C$85,2,FALSE),J7,"")) | M7: =IF($C7>VLOOKUP(FurnaceDesired,$B$6:$C$85,2,FALSE),"",IF($C7>VLOOKUP(FurnaceCurrent,$B$6:$C$85,2,FALSE),L7,"")) | O7: =IF($C7>VLOOKUP(FurnaceDesired,$B$6:$C$85,2,FALSE),"",IF($C7>VLOOKUP(FurnaceCurrent,$B$6:$C$85,2,FALSE),N7,"")) | T7: 6 | U7: =T7+S7*60+R7*60*60+Q7*60*60*24 -> 6 | V7: =IF($C7>VLOOKUP(FurnaceDesired,$B$6:$C$85,2,FALSE),"",IF($C7>VLOOKUP(FurnaceCurrent,$B$6:$C$85,2,FALSE),U7,"")) | X7: - | Y7: - | Z7: - | AA7: - | AB7: - | AC7: - | AD7: - | AE7: - | AF7: - | AG7: - | AH7: 1 | AI7: -
B8: 3 | C8: 3 | E8: =IF($C8>VLOOKUP(FurnaceDesired,$B$6:$C$85,2,FALSE),"",IF($C8>VLOOKUP(FurnaceCurrent,$B$6:$C$85,2,FALSE),D8,"")) | F8: 805 | G8: =IF($C8>VLOOKUP(FurnaceDesired,$B$6:$C$85,2,FALSE),"",IF($C8>VLOOKUP(FurnaceCurrent,$B$6:$C$85,2,FALSE),F8,"")) | I8: =IF($C8>VLOOKUP(FurnaceDesired,$B$6:$C$85,2,FALSE),"",IF($C8>VLOOKUP(FurnaceCurrent,$B$6:$C$85,2,FALSE),H8,"")) | K8: =IF($C8>VLOOKUP(FurnaceDesired,$B$6:$C$85,2,FALSE),"",IF($C8>VLOOKUP(FurnaceCurrent,$B$6:$C$85,2,FALSE),J8,"")) | M8: =IF($C8>VLOOKUP(FurnaceDesired,$B$6:$C$85,2,FALSE),"",IF($C8>VLOOKUP(FurnaceCurrent,$B$6:$C$85,2,FALSE),L8,"")) | O8: =IF($C8>VLOOKUP(FurnaceDesired,$B$6:$C$85,2,FALSE),"",IF($C8>VLOOKUP(FurnaceCurrent,$B$6:$C$85,2,FALSE),N8,"")) | S8: 1 | U8: =T8+S8*60+R8*60*60+Q8*60*60*24 -> 60 | V8: =IF($C8>VLOOKUP(FurnaceDesired,$B$6:$C$85,2,FALSE),"",IF($C8>VLOOKUP(FurnaceCurrent,$B$6:$C$85,2,FALSE),U8,"")) | X8: - | Y8: - | Z8: - | AA8: - | AB8: - | AC8: - | AD8: - | AE8: - | AF8: - | AG8: - | AH8: 1 | AI8: 2
B9: 4 | C9: 4 | E9: =IF($C9>VLOOKUP(FurnaceDesired,$B$6:$C$85,2,FALSE),"",IF($C9>VLOOKUP(FurnaceCurrent,$B$6:$C$85,2,FALSE),D9,"")) | F9: 1800 | G9: =IF($C9>VLOOKUP(FurnaceDesired,$B$6:$C$85,2,FALSE),"",IF($C9>VLOOKUP(FurnaceCurrent,$B$6:$C$85,2,FALSE),F9,"")) | H9: 360 | I9: =IF($C9>VLOOKUP(FurnaceDesired,$B$6:$C$85,2,FALSE),"",IF($C9>VLOOKUP(FurnaceCurrent,$B$6:$C$85,2,FALSE),H9,"")) | K9: =IF($C9>VLOOKUP(FurnaceDesired,$B$6:$C$85,2,FALSE),"",IF($C9>VLOOKUP(FurnaceCurrent,$B$6:$C$85,2,FALSE),J9,"")) | M9: =IF($C9>VLOOKUP(FurnaceDesired,$B$6:$C$85,2,FALSE),"",IF($C9>VLOOKUP(FurnaceCurrent,$B$6:$C$85,2,FALSE),L9,"")) | O9: =IF($C9>VLOOKUP(FurnaceDesired,$B$6:$C$85,2,FALSE),"",IF($C9>VLOOKUP(FurnaceCurrent,$B$6:$C$85,2,FALSE),N9,"")) | S9: 3 | U9: =T9+S9*60+R9*60*60+Q9*60*60*24 -> 180 | V9: =IF($C9>VLOOKUP(FurnaceDesired,$B$6:$C$85,2,FALSE),"",IF($C9>VLOOKUP(FurnaceCurrent,$B$6:$C$85,2,FALSE),U9,"")) | X9: - | Y9: 3 | Z9: - | AA9: - | AB9: - | AC9: - | AD9: - | AE9: - | AF9: - | AG9: - | AH9: 1 | AI9: 2
B10: 5 | C10: 5 | E10: =IF($C10>VLOOKUP(FurnaceDesired,$B$6:$C$85,2,FALSE),"",IF($C10>VLOOKUP(FurnaceCurrent,$B$6:$C$85,2,FALSE),D10,"")) | F10: 7600 | G10: =IF($C10>VLOOKUP(FurnaceDesired,$B$6:$C$85,2,FALSE),"",IF($C10>VLOOKUP(FurnaceCurrent,$B$6:$C$85,2,FALSE),F10,"")) | H10: 1500 | I10: =IF($C10>VLOOKUP(FurnaceDesired,$B$6:$C$85,2,FALSE),"",IF($C10>VLOOKUP(FurnaceCurrent,$B$6:$C$85,2,FALSE),H10,"")) | K10: =IF($C10>VLOOKUP(FurnaceDesired,$B$6:$C$85,2,FALSE),"",IF($C10>VLOOKUP(FurnaceCurrent,$B$6:$C$85,2,FALSE),J10,"")) | M10: =IF($C10>VLOOKUP(FurnaceDesired,$B$6:$C$85,2,FALSE),"",IF($C10>VLOOKUP(FurnaceCurrent,$B$6:$C$85,2,FALSE),L10,"")) | O10: =IF($C10>VLOOKUP(FurnaceDesired,$B$6:$C$85,2,FALSE),"",IF($C10>VLOOKUP(FurnaceCurrent,$B$6:$C$85,2,FALSE),N10,"")) | S10: 10 | U10: =T10+S10*60+R10*60*60+Q10*60*60*24 -> 600 | V10: =IF($C10>VLOOKUP(FurnaceDesired,$B$6:$C$85,2,FALSE),"",IF($C10>VLOOKUP(FurnaceCurrent,$B$6:$C$85,2,FALSE),U10,"")) | X10: - | Y10: 3 | Z10: - | AA10: - | AB10: - | AC10: - | AD10: - | AE10: - | AF10: - | AG10: - | AH10: 1 | AI10: 3
B11: 6 | C11: 6 | E11: =IF($C11>VLOOKUP(FurnaceDesired,$B$6:$C$85,2,FALSE),"",IF($C11>VLOOKUP(FurnaceCurrent,$B$6:$C$85,2,FALSE),D11,"")) | F11: 19000 | G11: =IF($C11>VLOOKUP(FurnaceDesired,$B$6:$C$85,2,FALSE),"",IF($C11>VLOOKUP(FurnaceCurrent,$B$6:$C$85,2,FALSE),F11,"")) | H11: 3800 | I11: =IF($C11>VLOOKUP(FurnaceDesired,$B$6:$C$85,2,FALSE),"",IF($C11>VLOOKUP(FurnaceCurrent,$B$6:$C$85,2,FALSE),H11,"")) | J11: 960 | K11: =IF($C11>VLOOKUP(FurnaceDesired,$B$6:$C$85,2,FALSE),"",IF($C11>VLOOKUP(FurnaceCurrent,$B$6:$C$85,2,FALSE),J11,"")) | M11: =IF($C11>VLOOKUP(FurnaceDesired,$B$6:$C$85,2,FALSE),"",IF($C11>VLOOKUP(FurnaceCurrent,$B$6:$C$85,2,FALSE),L11,"")) | O11: =IF($C11>VLOOKUP(FurnaceDesired,$B$6:$C$85,2,FALSE),"",IF($C11>VLOOKUP(FurnaceCurrent,$B$6:$C$85,2,FALSE),N11,"")) | S11: 30 | U11: =T11+S11*60+R11*60*60+Q11*60*60*24 -> 1800 | V11: =IF($C11>VLOOKUP(FurnaceDesired,$B$6:$C$85,2,FALSE),"",IF($C11>VLOOKUP(FurnaceCurrent,$B$6:$C$85,2,FALSE),U11,"")) | X11: - | Y11: 3 | Z11: - | AA11: - | AB11: - | AC11: - | AD11: 5 | AE11: - | AF11: - | AG11: - | AH11: 1 | AI11: 3
B12: 7 | C12: 7 | E12: =IF($C12>VLOOKUP(FurnaceDesired,$B$6:$C$85,2,FALSE),"",IF($C12>VLOOKUP(FurnaceCurrent,$B$6:$C$85,2,FALSE),D12,"")) | F12: 69000 | G12: =IF($C12>VLOOKUP(FurnaceDesired,$B$6:$C$85,2,FALSE),"",IF($C12>VLOOKUP(FurnaceCurrent,$B$6:$C$85,2,FALSE),F12,"")) | H12: 13000 | I12: =IF($C12>VLOOKUP(FurnaceDesired,$B$6:$C$85,2,FALSE),"",IF($C12>VLOOKUP(FurnaceCurrent,$B$6:$C$85,2,FALSE),H12,"")) | J12: 3400 | K12: =IF($C12>VLOOKUP(FurnaceDesired,$B$6:$C$85,2,FALSE),"",IF($C12>VLOOKUP(FurnaceCurrent,$B$6:$C$85,2,FALSE),J12,"")) | M12: =IF($C12>VLOOKUP(FurnaceDesired,$B$6:$C$85,2,FALSE),"",IF($C12>VLOOKUP(FurnaceCurrent,$B$6:$C$85,2,FALSE),L12,"")) | O12: =IF($C12>VLOOKUP(FurnaceDesired,$B$6:$C$85,2,FALSE),"",IF($C12>VLOOKUP(FurnaceCurrent,$B$6:$C$85,2,FALSE),N12,"")) | R12: 1 | U12: =T12+S12*60+R12*60*60+Q12*60*60*24 -> 3600 | V12: =IF($C12>VLOOKUP(FurnaceDesired,$B$6:$C$85,2,FALSE),"",IF($C12>VLOOKUP(FurnaceCurrent,$B$6:$C$85,2,FALSE),U12,"")) | X12: - | Y12: 3 | Z12: - | AA12: 6 | AB12: - | AC12: - | AD12: 5 | AE12: - | AF12: - | AG12: - | AH12: 1 | AI12: 3
B13: 8 | C13: 8 | E13: =IF($C13>VLOOKUP(FurnaceDesired,$B$6:$C$85,2,FALSE),"",IF($C13>VLOOKUP(FurnaceCurrent,$B$6:$C$85,2,FALSE),D13,"")) | F13: 120000 | G13: =IF($C13>VLOOKUP(FurnaceDesired,$B$6:$C$85,2,FALSE),"",IF($C13>VLOOKUP(FurnaceCurrent,$B$6:$C$85,2,FALSE),F13,"")) | H13: 25000 | I13: =IF($C13>VLOOKUP(FurnaceDesired,$B$6:$C$85,2,FALSE),"",IF($C13>VLOOKUP(FurnaceCurrent,$B$6:$C$85,2,FALSE),H13,"")) | J13: 6300 | K13: =IF($C13>VLOOKUP(FurnaceDesired,$B$6:$C$85,2,FALSE),"",IF($C13>VLOOKUP(FurnaceCurrent,$B$6:$C$85,2,FALSE),J13,"")) | M13: =IF($C13>VLOOKUP(FurnaceDesired,$B$6:$C$85,2,FALSE),"",IF($C13>VLOOKUP(FurnaceCurrent,$B$6:$C$85,2,FALSE),L13,"")) | O13: =IF($C13>VLOOKUP(FurnaceDesired,$B$6:$C$85,2,FALSE),"",IF($C13>VLOOKUP(FurnaceCurrent,$B$6:$C$85,2,FALSE),N13,"")) | R13: 2 | S13: 30 | U13: =T13+S13*60+R13*60*60+Q13*60*60*24 -> 9000 | V13: =IF($C13>VLOOKUP(FurnaceDesired,$B$6:$C$85,2,FALSE),"",IF($C13>VLOOKUP(FurnaceCurrent,$B$6:$C$85,2,FALSE),U13,"")) | X13: - | Y13: 3 | Z13: - | AA13: 6 | AB13: 7 | AC13: - | AD13: 5 | AE13: - | AF13: - | AG13: - | AH13: 1 | AI13: 3
B14: 9 | C14: 9 | E14: =IF($C14>VLOOKUP(FurnaceDesired,$B$6:$C$85,2,FALSE),"",IF($C14>VLOOKUP(FurnaceCurrent,$B$6:$C$85,2,FALSE),D14,"")) | F14: 260000 | G14: =IF($C14>VLOOKUP(FurnaceDesired,$B$6:$C$85,2,FALSE),"",IF($C14>VLOOKUP(FurnaceCurrent,$B$6:$C$85,2,FALSE),F14,"")) | H14: 52000 | I14: =IF($C14>VLOOKUP(FurnaceDesired,$B$6:$C$85,2,FALSE),"",IF($C14>VLOOKUP(FurnaceCurrent,$B$6:$C$85,2,FALSE),H14,"")) | J14: 13000 | K14: =IF($C14>VLOOKUP(FurnaceDesired,$B$6:$C$85,2,FALSE),"",IF($C14>VLOOKUP(FurnaceCurrent,$B$6:$C$85,2,FALSE),J14,"")) | M14: =IF($C14>VLOOKUP(FurnaceDesired,$B$6:$C$85,2,FALSE),"",IF($C14>VLOOKUP(FurnaceCurrent,$B$6:$C$85,2,FALSE),L14,"")) | O14: =IF($C14>VLOOKUP(FurnaceDesired,$B$6:$C$85,2,FALSE),"",IF($C14>VLOOKUP(FurnaceCurrent,$B$6:$C$85,2,FALSE),N14,"")) | R14: 4 | S14: 30 | U14: =T14+S14*60+R14*60*60+Q14*60*60*24 -> 16200 | V14: =IF($C14>VLOOKUP(FurnaceDesired,$B$6:$C$85,2,FALSE),"",IF($C14>VLOOKUP(FurnaceCurrent,$B$6:$C$85,2,FALSE),U14,"")) | X14: - | Y14: 3 | Z14: 8 | AA14: 6 | AB14: 7 | AC14: 1 | AD14: 5 | AE14: - | AF14: - | AG14: - | AH14: 1 | AI14: 3
B15: 10 | C15: 10 | E15: =IF($C15>VLOOKUP(FurnaceDesired,$B$6:$C$85,2,FALSE),"",IF($C15>VLOOKUP(FurnaceCurrent,$B$6:$C$85,2,FALSE),D15,"")) | F15: 460000 | G15: =IF($C15>VLOOKUP(FurnaceDesired,$B$6:$C$85,2,FALSE),"",IF($C15>VLOOKUP(FurnaceCurrent,$B$6:$C$85,2,FALSE),F15,"")) | H15: 92000 | I15: =IF($C15>VLOOKUP(FurnaceDesired,$B$6:$C$85,2,FALSE),"",IF($C15>VLOOKUP(FurnaceCurrent,$B$6:$C$85,2,FALSE),H15,"")) | J15: 23000 | K15: =IF($C15>VLOOKUP(FurnaceDesired,$B$6:$C$85,2,FALSE),"",IF($C15>VLOOKUP(FurnaceCurrent,$B$6:$C$85,2,FALSE),J15,"")) | M15: =IF($C15>VLOOKUP(FurnaceDesired,$B$6:$C$85,2,FALSE),"",IF($C15>VLOOKUP(FurnaceCurrent,$B$6:$C$85,2,FALSE),L15,"")) | O15: =IF($C15>VLOOKUP(FurnaceDesired,$B$6:$C$85,2,FALSE),"",IF($C15>VLOOKUP(FurnaceCurrent,$B$6:$C$85,2,FALSE),N15,"")) | R15: 6 | U15: =T15+S15*60+R15*60*60+Q15*60*60*24 -> 21600 | V15: =IF($C15>VLOOKUP(FurnaceDesired,$B$6:$C$85,2,FALSE),"",IF($C15>VLOOKUP(FurnaceCurrent,$B$6:$C$85,2,FALSE),U15,"")) | X15: - | Y15: 3 | Z15: 8 | AA15: 6 | AB15: 7 | AC15: 1 | AD15: 5 | AE15: - | AF15: 9 | AG15: 1 | AH15: 1 | AI15: 3
B16: 11 | C16: 11 | D16: 1300000 | E16: =IF($C16>VLOOKUP(FurnaceDesired,$B$6:$C$85,2,FALSE),"",IF($C16>VLOOKUP(FurnaceCurrent,$B$6:$C$85,2,FALSE),D16,"")) | F16: 1300000 | G16: =IF($C16>VLOOKUP(FurnaceDesired,$B$6:$C$85,2,FALSE),"",IF($C16>VLOOKUP(FurnaceCurrent,$B$6:$C$85,2,FALSE),F16,"")) | H16: 260000 | I16: =IF($C16>VLOOKUP(FurnaceDesired,$B$6:$C$85,2,FALSE),"",IF($C16>VLOOKUP(FurnaceCurrent,$B$6:$C$85,2,FALSE),H16,"")) | J16: 65000 | K16: =IF($C16>VLOOKUP(FurnaceDesired,$B$6:$C$85,2,FALSE),"",IF($C16>VLOOKUP(FurnaceCurrent,$B$6:$C$85,2,FALSE),J16,"")) | M16: =IF($C16>VLOOKUP(FurnaceDesired,$B$6:$C$85,2,FALSE),"",IF($C16>VLOOKUP(FurnaceCurrent,$B$6:$C$85,2,FALSE),L16,"")) | O16: =IF($C16>VLOOKUP(FurnaceDesired,$B$6:$C$85,2,FALSE),"",IF($C16>VLOOKUP(FurnaceCurrent,$B$6:$C$85,2,FALSE),N16,"")) | R16: 7 | S16: 30 | U16: =T16+S16*60+R16*60*60+Q16*60*60*24 -> 27000 | V16: =IF($C16>VLOOKUP(FurnaceDesired,$B$6:$C$85,2,FALSE),"",IF($C16>VLOOKUP(FurnaceCurrent,$B$6:$C$85,2,FALSE),U16,"")) | X16: - | Y16: 3 | Z16: 10 | AA16: 6 | AB16: 7 | AC16: 1 | AD16: 5 | AE16: 10 | AF16: 9 | AG16: 1 | AH16: 1 | AI16: 3
B17: 12 | C17: 12 | D17: 1600000 | E17: =IF($C17>VLOOKUP(FurnaceDesired,$B$6:$C$85,2,FALSE),"",IF($C17>VLOOKUP(FurnaceCurrent,$B$6:$C$85,2,FALSE),D17,"")) | F17: 1600000 | G17: =IF($C17>VLOOKUP(FurnaceDesired,$B$6:$C$85,2,FALSE),"",IF($C17>VLOOKUP(FurnaceCurrent,$B$6:$C$85,2,FALSE),F17,"")) | H17: 330000 | I17: =IF($C17>VLOOKUP(FurnaceDesired,$B$6:$C$85,2,FALSE),"",IF($C17>VLOOKUP(FurnaceCurrent,$B$6:$C$85,2,FALSE),H17,"")) | J17: 84000 | K17: =IF($C17>VLOOKUP(FurnaceDesired,$B$6:$C$85,2,FALSE),"",IF($C17>VLOOKUP(FurnaceCurrent,$B$6:$C$85,2,FALSE),J17,"")) | M17: =IF($C17>VLOOKUP(FurnaceDesired,$B$6:$C$85,2,FALSE),"",IF($C17>VLOOKUP(FurnaceCurrent,$B$6:$C$85,2,FALSE),L17,"")) | O17: =IF($C17>VLOOKUP(FurnaceDesired,$B$6:$C$85,2,FALSE),"",IF($C17>VLOOKUP(FurnaceCurrent,$B$6:$C$85,2,FALSE),N17,"")) | R17: 9 | U17: =T17+S17*60+R17*60*60+Q17*60*60*24 -> 32400 | V17: =IF($C17>VLOOKUP(FurnaceDesired,$B$6:$C$85,2,FALSE),"",IF($C17>VLOOKUP(FurnaceCurrent,$B$6:$C$85,2,FALSE),U17,"")) | X17: 1 | Y17: 3 | Z17: 11 | AA17: 6 | AB17: 7 | AC17: 1 | AD17: 5 | AE17: 10 | AF17: 9 | AG17: 1 | AH17: 1 | AI17: 3
B18: 13 | C18: 13 | D18: 2300000 | E18: =IF($C18>VLOOKUP(FurnaceDesired,$B$6:$C$85,2,FALSE),"",IF($C18>VLOOKUP(FurnaceCurrent,$B$6:$C$85,2,FALSE),D18,"")) | F18: 2300000 | G18: =IF($C18>VLOOKUP(FurnaceDesired,$B$6:$C$85,2,FALSE),"",IF($C18>VLOOKUP(FurnaceCurrent,$B$6:$C$85,2,FALSE),F18,"")) | H18: 470000 | I18: =IF($C18>VLOOKUP(FurnaceDesired,$B$6:$C$85,2,FALSE),"",IF($C18>VLOOKUP(FurnaceCurrent,$B$6:$C$85,2,FALSE),H18,"")) | J18: 110000 | K18: =IF($C18>VLOOKUP(FurnaceDesired,$B$6:$C$85,2,FALSE),"",IF($C18>VLOOKUP(FurnaceCurrent,$B$6:$C$85,2,FALSE),J18,"")) | M18: =IF($C18>VLOOKUP(FurnaceDesired,$B$6:$C$85,2,FALSE),"",IF($C18>VLOOKUP(FurnaceCurrent,$B$6:$C$85,2,FALSE),L18,"")) | O18: =IF($C18>VLOOKUP(FurnaceDesired,$B$6:$C$85,2,FALSE),"",IF($C18>VLOOKUP(FurnaceCurrent,$B$6:$C$85,2,FALSE),N18,"")) | R18: 11 | U18: =T18+S18*60+R18*60*60+Q18*60*60*24 -> 39600 | V18: =IF($C18>VLOOKUP(FurnaceDesired,$B$6:$C$85,2,FALSE),"",IF($C18>VLOOKUP(FurnaceCurrent,$B$6:$C$85,2,FALSE),U18,"")) | X18: 1 | Y18: 3 | Z18: 12 | AA18: 6 | AB18: 12 | AC18: 1 | AD18: 5 | AE18: 10 | AF18: 9 | AG18: 1 | AH18: 1 | AI18: 3
B19: 14 | C19: 14 | D19: 3100000 | E19: =IF($C19>VLOOKUP(FurnaceDesired,$B$6:$C$85,2,FALSE),"",IF($C19>VLOOKUP(FurnaceCurrent,$B$6:$C$85,2,FALSE),D19,"")) | F19: 3100000 | G19: =IF($C19>VLOOKUP(FurnaceDesired,$B$6:$C$85,2,FALSE),"",IF($C19>VLOOKUP(FurnaceCurrent,$B$6:$C$85,2,FALSE),F19,"")) | H19: 630000 | I19: =IF($C19>VLOOKUP(FurnaceDesired,$B$6:$C$85,2,FALSE),"",IF($C19>VLOOKUP(FurnaceCurrent,$B$6:$C$85,2,FALSE),H19,"")) | J19: 150000 | K19: =IF($C19>VLOOKUP(FurnaceDesired,$B$6:$C$85,2,FALSE),"",IF($C19>VLOOKUP(FurnaceCurrent,$B$6:$C$85,2,FALSE),J19,"")) | M19: =IF($C19>VLOOKUP(FurnaceDesired,$B$6:$C$85,2,FALSE),"",IF($C19>VLOOKUP(FurnaceCurrent,$B$6:$C$85,2,FALSE),L19,"")) | O19: =IF($C19>VLOOKUP(FurnaceDesired,$B$6:$C$85,2,FALSE),"",IF($C19>VLOOKUP(FurnaceCurrent,$B$6:$C$85,2,FALSE),N19,"")) | R19: 14 | U19: =T19+S19*60+R19*60*60+Q19*60*60*24 -> 50400 | V19: =IF($C19>VLOOKUP(FurnaceDesired,$B$6:$C$85,2,FALSE),"",IF($C19>VLOOKUP(FurnaceCurrent,$B$6:$C$85,2,FALSE),U19,"")) | X19: 1 | Y19: 3 | Z19: 13 | AA19: 6 | AB19: 12 | AC19: 1 | AD19: 5 | AE19: 10 | AF19: 13 | AG19: 1 | AH19: 1 | AI19: 3
B20: 15 | C20: 15 | D20: 4600000 | E20: =IF($C20>VLOOKUP(FurnaceDesired,$B$6:$C$85,2,FALSE),"",IF($C20>VLOOKUP(FurnaceCurrent,$B$6:$C$85,2,FALSE),D20,"")) | F20: 4600000 | G20: =IF($C20>VLOOKUP(FurnaceDesired,$B$6:$C$85,2,FALSE),"",IF($C20>VLOOKUP(FurnaceCurrent,$B$6:$C$85,2,FALSE),F20,"")) | H20: 930000 | I20: =IF($C20>VLOOKUP(FurnaceDesired,$B$6:$C$85,2,FALSE),"",IF($C20>VLOOKUP(FurnaceCurrent,$B$6:$C$85,2,FALSE),H20,"")) | J20: 230000 | K20: =IF($C20>VLOOKUP(FurnaceDesired,$B$6:$C$85,2,FALSE),"",IF($C20>VLOOKUP(FurnaceCurrent,$B$6:$C$85,2,FALSE),J20,"")) | M20: =IF($C20>VLOOKUP(FurnaceDesired,$B$6:$C$85,2,FALSE),"",IF($C20>VLOOKUP(FurnaceCurrent,$B$6:$C$85,2,FALSE),L20,"")) | O20: =IF($C20>VLOOKUP(FurnaceDesired,$B$6:$C$85,2,FALSE),"",IF($C20>VLOOKUP(FurnaceCurrent,$B$6:$C$85,2,FALSE),N20,"")) | R20: 18 | U20: =T20+S20*60+R20*60*60+Q20*60*60*24 -> 64800 | V20: =IF($C20>VLOOKUP(FurnaceDesired,$B$6:$C$85,2,FALSE),"",IF($C20>VLOOKUP(FurnaceCurrent,$B$6:$C$85,2,FALSE),U20,"")) | X20: 1 | Y20: 3 | Z20: 14 | AA20: 6 | AB20: 12 | AC20: 1 | AD20: 5 | AE20: 14 | AF20: 13 | AG20: 1 | AH20: 1 | AI20: 3
B21: 16 | C21: 16 | D21: 5900000 | E21: =IF($C21>VLOOKUP(FurnaceDesired,$B$6:$C$85,2,FALSE),"",IF($C21>VLOOKUP(FurnaceCurrent,$B$6:$C$85,2,FALSE),D21,"")) | F21: 5900000 | G21: =IF($C21>VLOOKUP(FurnaceDesired,$B$6:$C$85,2,FALSE),"",IF($C21>VLOOKUP(FurnaceCurrent,$B$6:$C$85,2,FALSE),F21,"")) | H21: 1100000 | I21: =IF($C21>VLOOKUP(FurnaceDesired,$B$6:$C$85,2,FALSE),"",IF($C21>VLOOKUP(FurnaceCurrent,$B$6:$C$85,2,FALSE),H21,"")) | J21: 290000 | K21: =IF($C21>VLOOKUP(FurnaceDesired,$B$6:$C$85,2,FALSE),"",IF($C21>VLOOKUP(FurnaceCurrent,$B$6:$C$85,2,FALSE),J21,"")) | M21: =IF($C21>VLOOKUP(FurnaceDesired,$B$6:$C$85,2,FALSE),"",IF($C21>VLOOKUP(FurnaceCurrent,$B$6:$C$85,2,FALSE),L21,"")) | O21: =IF($C21>VLOOKUP(FurnaceDesired,$B$6:$C$85,2,FALSE),"",IF($C21>VLOOKUP(FurnaceCurrent,$B$6:$C$85,2,FALSE),N21,"")) | Q21: 1 | R21: 6 | S21: 28 | U21: =T21+S21*60+R21*60*60+Q21*60*60*24 -> 109680 | V21: =IF($C21>VLOOKUP(FurnaceDesired,$B$6:$C$85,2,FALSE),"",IF($C21>VLOOKUP(FurnaceCurrent,$B$6:$C$85,2,FALSE),U21,"")) | X21: 1 | Y21: 3 | Z21: 15 | AA21: 6 | AB21: 12 | AC21: 1 | AD21: 5 | AE21: 14 | AF21: 13 | AG21: 15 | AH21: 1 | AI21: 3
B22: 17 | C22: 17 | D22: 9300000 | E22: =IF($C22>VLOOKUP(FurnaceDesired,$B$6:$C$85,2,FALSE),"",IF($C22>VLOOKUP(FurnaceCurrent,$B$6:$C$85,2,FALSE),D22,"")) | F22: 9300000 | G22: =IF($C22>VLOOKUP(FurnaceDesired,$B$6:$C$85,2,FALSE),"",IF($C22>VLOOKUP(FurnaceCurrent,$B$6:$C$85,2,FALSE),F22,"")) | H22: 1800000 | I22: =IF($C22>VLOOKUP(FurnaceDesired,$B$6:$C$85,2,FALSE),"",IF($C22>VLOOKUP(FurnaceCurrent,$B$6:$C$85,2,FALSE),H22,"")) | J22: 460000 | K22: =IF($C22>VLOOKUP(FurnaceDesired,$B$6:$C$85,2,FALSE),"",IF($C22>VLOOKUP(FurnaceCurrent,$B$6:$C$85,2,FALSE),J22,"")) | M22: =IF($C22>VLOOKUP(FurnaceDesired,$B$6:$C$85,2,FALSE),"",IF($C22>VLOOKUP(FurnaceCurrent,$B$6:$C$85,2,FALSE),L22,"")) | O22: =IF($C22>VLOOKUP(FurnaceDesired,$B$6:$C$85,2,FALSE),"",IF($C22>VLOOKUP(FurnaceCurrent,$B$6:$C$85,2,FALSE),N22,"")) | Q22: 1 | R22: 12 | S22: 34 | U22: =T22+S22*60+R22*60*60+Q22*60*60*24 -> 131640 | V22: =IF($C22>VLOOKUP(FurnaceDesired,$B$6:$C$85,2,FALSE),"",IF($C22>VLOOKUP(FurnaceCurrent,$B$6:$C$85,2,FALSE),U22,"")) | X22: 1 | Y22: 3 | Z22: 16 | AA22: 6 | AB22: 16 | AC22: 1 | AD22: 5 | AE22: 14 | AF22: 13 | AG22: 15 | AH22: 1 | AI22: 3
B23: 18 | C23: 18 | D23: 12000000 | E23: =IF($C23>VLOOKUP(FurnaceDesired,$B$6:$C$85,2,FALSE),"",IF($C23>VLOOKUP(FurnaceCurrent,$B$6:$C$85,2,FALSE),D23,"")) | F23: 12000000 | G23: =IF($C23>VLOOKUP(FurnaceDesired,$B$6:$C$85,2,FALSE),"",IF($C23>VLOOKUP(FurnaceCurrent,$B$6:$C$85,2,FALSE),F23,"")) | H23: 2500000 | I23: =IF($C23>VLOOKUP(FurnaceDesired,$B$6:$C$85,2,FALSE),"",IF($C23>VLOOKUP(FurnaceCurrent,$B$6:$C$85,2,FALSE),H23,"")) | J23: 620000 | K23: =IF($C23>VLOOKUP(FurnaceDesired,$B$6:$C$85,2,FALSE),"",IF($C23>VLOOKUP(FurnaceCurrent,$B$6:$C$85,2,FALSE),J23,"")) | M23: =IF($C23>VLOOKUP(FurnaceDesired,$B$6:$C$85,2,FALSE),"",IF($C23>VLOOKUP(FurnaceCurrent,$B$6:$C$85,2,FALSE),L23,"")) | O23: =IF($C23>VLOOKUP(FurnaceDesired,$B$6:$C$85,2,FALSE),"",IF($C23>VLOOKUP(FurnaceCurrent,$B$6:$C$85,2,FALSE),N23,"")) | Q23: 1 | R23: 19 | S23: 53 | U23: =T23+S23*60+R23*60*60+Q23*60*60*24 -> 157980 | V23: =IF($C23>VLOOKUP(FurnaceDesired,$B$6:$C$85,2,FALSE),"",IF($C23>VLOOKUP(FurnaceCurrent,$B$6:$C$85,2,FALSE),U23,"")) | X23: 1 | Y23: 3 | Z23: 17 | AA23: 6 | AB23: 16 | AC23: 1 | AD23: 5 | AE23: 14 | AF23: 17 | AG23: 15 | AH23: 1 | AI23: 3
B24: 19 | C24: 19 | D24: 15000000 | E24: =IF($C24>VLOOKUP(FurnaceDesired,$B$6:$C$85,2,FALSE),"",IF($C24>VLOOKUP(FurnaceCurrent,$B$6:$C$85,2,FALSE),D24,"")) | F24: 15000000 | G24: =IF($C24>VLOOKUP(FurnaceDesired,$B$6:$C$85,2,FALSE),"",IF($C24>VLOOKUP(FurnaceCurrent,$B$6:$C$85,2,FALSE),F24,"")) | H24: 3100000 | I24: =IF($C24>VLOOKUP(FurnaceDesired,$B$6:$C$85,2,FALSE),"",IF($C24>VLOOKUP(FurnaceCurrent,$B$6:$C$85,2,FALSE),H24,"")) | J24: 780000 | K24: =IF($C24>VLOOKUP(FurnaceDesired,$B$6:$C$85,2,FALSE),"",IF($C24>VLOOKUP(FurnaceCurrent,$B$6:$C$85,2,FALSE),J24,"")) | M24: =IF($C24>VLOOKUP(FurnaceDesired,$B$6:$C$85,2,FALSE),"",IF($C24>VLOOKUP(FurnaceCurrent,$B$6:$C$85,2,FALSE),L24,"")) | O24: =IF($C24>VLOOKUP(FurnaceDesired,$B$6:$C$85,2,FALSE),"",IF($C24>VLOOKUP(FurnaceCurrent,$B$6:$C$85,2,FALSE),N24,"")) | Q24: 2 | R24: 17 | S24: 50 | U24: =T24+S24*60+R24*60*60+Q24*60*60*24 -> 237000 | V24: =IF($C24>VLOOKUP(FurnaceDesired,$B$6:$C$85,2,FALSE),"",IF($C24>VLOOKUP(FurnaceCurrent,$B$6:$C$85,2,FALSE),U24,"")) | X24: 1 | Y24: 3 | Z24: 18 | AA24: 6 | AB24: 16 | AC24: 1 | AD24: 5 | AE24: 18 | AF24: 17 | AG24: 15 | AH24: 1 | AI24: 3
B25: 20 | C25: 20 | D25: 21000000 | E25: =IF($C25>VLOOKUP(FurnaceDesired,$B$6:$C$85,2,FALSE),"",IF($C25>VLOOKUP(FurnaceCurrent,$B$6:$C$85,2,FALSE),D25,"")) | F25: 21000000 | G25: =IF($C25>VLOOKUP(FurnaceDesired,$B$6:$C$85,2,FALSE),"",IF($C25>VLOOKUP(FurnaceCurrent,$B$6:$C$85,2,FALSE),F25,"")) | H25: 4300000 | I25: =IF($C25>VLOOKUP(FurnaceDesired,$B$6:$C$85,2,FALSE),"",IF($C25>VLOOKUP(FurnaceCurrent,$B$6:$C$85,2,FALSE),H25,"")) | J25: 1000000 | K25: =IF($C25>VLOOKUP(FurnaceDesired,$B$6:$C$85,2,FALSE),"",IF($C25>VLOOKUP(FurnaceCurrent,$B$6:$C$85,2,FALSE),J25,"")) | M25: =IF($C25>VLOOKUP(FurnaceDesired,$B$6:$C$85,2,FALSE),"",IF($C25>VLOOKUP(FurnaceCurrent,$B$6:$C$85,2,FALSE),L25,"")) | O25: =IF($C25>VLOOKUP(FurnaceDesired,$B$6:$C$85,2,FALSE),"",IF($C25>VLOOKUP(FurnaceCurrent,$B$6:$C$85,2,FALSE),N25,"")) | Q25: 3 | R25: 10 | S25: 18 | U25: =T25+S25*60+R25*60*60+Q25*60*60*24 -> 296280 | V25: =IF($C25>VLOOKUP(FurnaceDesired,$B$6:$C$85,2,FALSE),"",IF($C25>VLOOKUP(FurnaceCurrent,$B$6:$C$85,2,FALSE),U25,"")) | X25: 1 | Y25: 3 | Z25: 19 | AA25: 6 | AB25: 16 | AC25: 1 | AD25: 5 | AE25: 18 | AF25: 17 | AG25: 19 | AH25: 1 | AI25: 3
B26: 21 | C26: 21 | D26: 27000000 | E26: =IF($C26>VLOOKUP(FurnaceDesired,$B$6:$C$85,2,FALSE),"",IF($C26>VLOOKUP(FurnaceCurrent,$B$6:$C$85,2,FALSE),D26,"")) | F26: 27000000 | G26: =IF($C26>VLOOKUP(FurnaceDesired,$B$6:$C$85,2,FALSE),"",IF($C26>VLOOKUP(FurnaceCurrent,$B$6:$C$85,2,FALSE),F26,"")) | H26: 5400000 | I26: =IF($C26>VLOOKUP(FurnaceDesired,$B$6:$C$85,2,FALSE),"",IF($C26>VLOOKUP(FurnaceCurrent,$B$6:$C$85,2,FALSE),H26,"")) | J26: 1300000 | K26: =IF($C26>VLOOKUP(FurnaceDesired,$B$6:$C$85,2,FALSE),"",IF($C26>VLOOKUP(FurnaceCurrent,$B$6:$C$85,2,FALSE),J26,"")) | M26: =IF($C26>VLOOKUP(FurnaceDesired,$B$6:$C$85,2,FALSE),"",IF($C26>VLOOKUP(FurnaceCurrent,$B$6:$C$85,2,FALSE),L26,"")) | O26: =IF($C26>VLOOKUP(FurnaceDesired,$B$6:$C$85,2,FALSE),"",IF($C26>VLOOKUP(FurnaceCurrent,$B$6:$C$85,2,FALSE),N26,"")) | Q26: 4 | R26: 10 | S26: 59 | U26: =T26+S26*60+R26*60*60+Q26*60*60*24 -> 385140 | V26: =IF($C26>VLOOKUP(FurnaceDesired,$B$6:$C$85,2,FALSE),"",IF($C26>VLOOKUP(FurnaceCurrent,$B$6:$C$85,2,FALSE),U26,"")) | X26: 1 | Y26: 3 | Z26: 20 | AA26: 6 | AB26: 20 | AC26: 1 | AD26: 5 | AE26: 18 | AF26: 17 | AG26: 19 | AH26: 1 | AI26: 3
B27: 22 | C27: 22 | D27: 36000000 | E27: =IF($C27>VLOOKUP(FurnaceDesired,$B$6:$C$85,2,FALSE),"",IF($C27>VLOOKUP(FurnaceCurrent,$B$6:$C$85,2,FALSE),D27,"")) | F27: 36000000 | G27: =IF($C27>VLOOKUP(FurnaceDesired,$B$6:$C$85,2,FALSE),"",IF($C27>VLOOKUP(FurnaceCurrent,$B$6:$C$85,2,FALSE),F27,"")) | H27: 7200000 | I27: =IF($C27>VLOOKUP(FurnaceDesired,$B$6:$C$85,2,FALSE),"",IF($C27>VLOOKUP(FurnaceCurrent,$B$6:$C$85,2,FALSE),H27,"")) | J27: 1800000 | K27: =IF($C27>VLOOKUP(FurnaceDesired,$B$6:$C$85,2,FALSE),"",IF($C27>VLOOKUP(FurnaceCurrent,$B$6:$C$85,2,FALSE),J27,"")) | M27: =IF($C27>VLOOKUP(FurnaceDesired,$B$6:$C$85,2,FALSE),"",IF($C27>VLOOKUP(FurnaceCurrent,$B$6:$C$85,2,FALSE),L27,"")) | O27: =IF($C27>VLOOKUP(FurnaceDesired,$B$6:$C$85,2,FALSE),"",IF($C27>VLOOKUP(FurnaceCurrent,$B$6:$C$85,2,FALSE),N27,"")) | Q27: 6 | R27: 16 | S27: 29 | U27: =T27+S27*60+R27*60*60+Q27*60*60*24 -> 577740 | V27: =IF($C27>VLOOKUP(FurnaceDesired,$B$6:$C$85,2,FALSE),"",IF($C27>VLOOKUP(FurnaceCurrent,$B$6:$C$85,2,FALSE),U27,"")) | X27: 1 | Y27: 3 | Z27: 21 | AA27: 6 | AB27: 20 | AC27: 1 | AD27: 5 | AE27: 18 | AF27: 21 | AG27: 19 | AH27: 1 | AI27: 3
B28: 23 | C28: 23 | D28: 44000000 | E28: =IF($C28>VLOOKUP(FurnaceDesired,$B$6:$C$85,2,FALSE),"",IF($C28>VLOOKUP(FurnaceCurrent,$B$6:$C$85,2,FALSE),D28,"")) | F28: 44000000 | G28: =IF($C28>VLOOKUP(FurnaceDesired,$B$6:$C$85,2,FALSE),"",IF($C28>VLOOKUP(FurnaceCurrent,$B$6:$C$85,2,FALSE),F28,"")) | H28: 8900000 | I28: =IF($C28>VLOOKUP(FurnaceDesired,$B$6:$C$85,2,FALSE),"",IF($C28>VLOOKUP(FurnaceCurrent,$B$6:$C$85,2,FALSE),H28,"")) | J28: 2200000 | K28: =IF($C28>VLOOKUP(FurnaceDesired,$B$6:$C$85,2,FALSE),"",IF($C28>VLOOKUP(FurnaceCurrent,$B$6:$C$85,2,FALSE),J28,"")) | M28: =IF($C28>VLOOKUP(FurnaceDesired,$B$6:$C$85,2,FALSE),"",IF($C28>VLOOKUP(FurnaceCurrent,$B$6:$C$85,2,FALSE),L28,"")) | O28: =IF($C28>VLOOKUP(FurnaceDesired,$B$6:$C$85,2,FALSE),"",IF($C28>VLOOKUP(FurnaceCurrent,$B$6:$C$85,2,FALSE),N28,"")) | Q28: 9 | R28: 8 | S28: 40 | U28: =T28+S28*60+R28*60*60+Q28*60*60*24 -> 808800 | V28: =IF($C28>VLOOKUP(FurnaceDesired,$B$6:$C$85,2,FALSE),"",IF($C28>VLOOKUP(FurnaceCurrent,$B$6:$C$85,2,FALSE),U28,"")) | X28: 1 | Y28: 3 | Z28: 22 | AA28: 6 | AB28: 20 | AC28: 1 | AD28: 5 | AE28: 22 | AF28: 21 | AG28: 19 | AH28: 1 | AI28: 3
B29: 24 | C29: 24 | D29: 60000000 | E29: =IF($C29>VLOOKUP(FurnaceDesired,$B$6:$C$85,2,FALSE),"",IF($C29>VLOOKUP(FurnaceCurrent,$B$6:$C$85,2,FALSE),D29,"")) | F29: 60000000 | G29: =IF($C29>VLOOKUP(FurnaceDesired,$B$6:$C$85,2,FALSE),"",IF($C29>VLOOKUP(FurnaceCurrent,$B$6:$C$85,2,FALSE),F29,"")) | H29: 12000000 | I29: =IF($C29>VLOOKUP(FurnaceDesired,$B$6:$C$85,2,FALSE),"",IF($C29>VLOOKUP(FurnaceCurrent,$B$6:$C$85,2,FALSE),H29,"")) | J29: 3000000 | K29: =IF($C29>VLOOKUP(FurnaceDesired,$B$6:$C$85,2,FALSE),"",IF($C29>VLOOKUP(FurnaceCurrent,$B$6:$C$85,2,FALSE),J29,"")) | M29: =IF($C29>VLOOKUP(FurnaceDesired,$B$6:$C$85,2,FALSE),"",IF($C29>VLOOKUP(FurnaceCurrent,$B$6:$C$85,2,FALSE),L29,"")) | O29: =IF($C29>VLOOKUP(FurnaceDesired,$B$6:$C$85,2,FALSE),"",IF($C29>VLOOKUP(FurnaceCurrent,$B$6:$C$85,2,FALSE),N29,"")) | Q29: 13 | R29: 2 | S29: 33 | U29: =T29+S29*60+R29*60*60+Q29*60*60*24 -> 1132380 | V29: =IF($C29>VLOOKUP(FurnaceDesired,$B$6:$C$85,2,FALSE),"",IF($C29>VLOOKUP(FurnaceCurrent,$B$6:$C$85,2,FALSE),U29,"")) | X29: 1 | Y29: 3 | Z29: 23 | AA29: 6 | AB29: 20 | AC29: 1 | AD29: 5 | AE29: 22 | AF29: 21 | AG29: 23 | AH29: 1 | AI29: 3
B30: 25 | C30: 25 | D30: 81000000 | E30: =IF($C30>VLOOKUP(FurnaceDesired,$B$6:$C$85,2,FALSE),"",IF($C30>VLOOKUP(FurnaceCurrent,$B$6:$C$85,2,FALSE),D30,"")) | F30: 81000000 | G30: =IF($C30>VLOOKUP(FurnaceDesired,$B$6:$C$85,2,FALSE),"",IF($C30>VLOOKUP(FurnaceCurrent,$B$6:$C$85,2,FALSE),F30,"")) | H30: 16000000 | I30: =IF($C30>VLOOKUP(FurnaceDesired,$B$6:$C$85,2,FALSE),"",IF($C30>VLOOKUP(FurnaceCurrent,$B$6:$C$85,2,FALSE),H30,"")) | J30: 4000000 | K30: =IF($C30>VLOOKUP(FurnaceDesired,$B$6:$C$85,2,FALSE),"",IF($C30>VLOOKUP(FurnaceCurrent,$B$6:$C$85,2,FALSE),J30,"")) | M30: =IF($C30>VLOOKUP(FurnaceDesired,$B$6:$C$85,2,FALSE),"",IF($C30>VLOOKUP(FurnaceCurrent,$B$6:$C$85,2,FALSE),L30,"")) | O30: =IF($C30>VLOOKUP(FurnaceDesired,$B$6:$C$85,2,FALSE),"",IF($C30>VLOOKUP(FurnaceCurrent,$B$6:$C$85,2,FALSE),N30,"")) | Q30: 18 | R30: 8 | S30: 22 | U30: =T30+S30*60+R30*60*60+Q30*60*60*24 -> 1585320 | V30: =IF($C30>VLOOKUP(FurnaceDesired,$B$6:$C$85,2,FALSE),"",IF($C30>VLOOKUP(FurnaceCurrent,$B$6:$C$85,2,FALSE),U30,"")) | X30: 1 | Y30: 3 | Z30: 24 | AA30: 6 | AB30: 24 | AC30: 1 | AD30: 5 | AE30: 22 | AF30: 21 | AG30: 23 | AH30: 1 | AI30: 3
B31: 26 | C31: 26 | D31: 100000000 | E31: =IF($C31>VLOOKUP(FurnaceDesired,$B$6:$C$85,2,FALSE),"",IF($C31>VLOOKUP(FurnaceCurrent,$B$6:$C$85,2,FALSE),D31,"")) | F31: 100000000 | G31: =IF($C31>VLOOKUP(FurnaceDesired,$B$6:$C$85,2,FALSE),"",IF($C31>VLOOKUP(FurnaceCurrent,$B$6:$C$85,2,FALSE),F31,"")) | H31: 21000000 | I31: =IF($C31>VLOOKUP(FurnaceDesired,$B$6:$C$85,2,FALSE),"",IF($C31>VLOOKUP(FurnaceCurrent,$B$6:$C$85,2,FALSE),H31,"")) | J31: 5200000 | K31: =IF($C31>VLOOKUP(FurnaceDesired,$B$6:$C$85,2,FALSE),"",IF($C31>VLOOKUP(FurnaceCurrent,$B$6:$C$85,2,FALSE),J31,"")) | M31: =IF($C31>VLOOKUP(FurnaceDesired,$B$6:$C$85,2,FALSE),"",IF($C31>VLOOKUP(FurnaceCurrent,$B$6:$C$85,2,FALSE),L31,"")) | O31: =IF($C31>VLOOKUP(FurnaceDesired,$B$6:$C$85,2,FALSE),"",IF($C31>VLOOKUP(FurnaceCurrent,$B$6:$C$85,2,FALSE),N31,"")) | Q31: 21 | R31: 2 | S31: 26 | U31: =T31+S31*60+R31*60*60+Q31*60*60*24 -> 1823160 | V31: =IF($C31>VLOOKUP(FurnaceDesired,$B$6:$C$85,2,FALSE),"",IF($C31>VLOOKUP(FurnaceCurrent,$B$6:$C$85,2,FALSE),U31,"")) | X31: 1 | Y31: 3 | Z31: 25 | AA31: 6 | AB31: 24 | AC31: 1 | AD31: 5 | AE31: 22 | AF31: 25 | AG31: 23 | AH31: 1 | AI31: 3
B32: 27 | C32: 27 | D32: 140000000 | E32: =IF($C32>VLOOKUP(FurnaceDesired,$B$6:$C$85,2,FALSE),"",IF($C32>VLOOKUP(FurnaceCurrent,$B$6:$C$85,2,FALSE),D32,"")) | F32: 140000000 | G32: =IF($C32>VLOOKUP(FurnaceDesired,$B$6:$C$85,2,FALSE),"",IF($C32>VLOOKUP(FurnaceCurrent,$B$6:$C$85,2,FALSE),F32,"")) | H32: 24000000 | I32: =IF($C32>VLOOKUP(FurnaceDesired,$B$6:$C$85,2,FALSE),"",IF($C32>VLOOKUP(FurnaceCurrent,$B$6:$C$85,2,FALSE),H32,"")) | J32: 7400000 | K32: =IF($C32>VLOOKUP(FurnaceDesired,$B$6:$C$85,2,FALSE),"",IF($C32>VLOOKUP(FurnaceCurrent,$B$6:$C$85,2,FALSE),J32,"")) | M32: =IF($C32>VLOOKUP(FurnaceDesired,$B$6:$C$85,2,FALSE),"",IF($C32>VLOOKUP(FurnaceCurrent,$B$6:$C$85,2,FALSE),L32,"")) | O32: =IF($C32>VLOOKUP(FurnaceDesired,$B$6:$C$85,2,FALSE),"",IF($C32>VLOOKUP(FurnaceCurrent,$B$6:$C$85,2,FALSE),N32,"")) | Q32: 25 | R32: 7 | S32: 43 | U32: =T32+S32*60+R32*60*60+Q32*60*60*24 -> 2187780 | V32: =IF($C32>VLOOKUP(FurnaceDesired,$B$6:$C$85,2,FALSE),"",IF($C32>VLOOKUP(FurnaceCurrent,$B$6:$C$85,2,FALSE),U32,"")) | X32: 1 | Y32: 3 | Z32: 26 | AA32: 6 | AB32: 24 | AC32: 1 | AD32: 5 | AE32: 26 | AF32: 25 | AG32: 23 | AH32: 1 | AI32: 3
... B35: 30 | C35: 30 | D35: 300000000 | E35: =IF($C35>VLOOKUP(FurnaceDesired,$B$6:$C$85,2,FALSE),"",IF($C35>VLOOKUP(FurnaceCurrent,$B$6:$C$85,2,FALSE),D35,"")) | F35: 300000000 | G35: =IF($C35>VLOOKUP(FurnaceDesired,$B$6:$C$85,2,FALSE),"",IF($C35>VLOOKUP(FurnaceCurrent,$B$6:$C$85,2,FALSE),F35,"")) | H35: 60000000 | I35: =IF($C35>VLOOKUP(FurnaceDesired,$B$6:$C$85,2,FALSE),"",IF($C35>VLOOKUP(FurnaceCurrent,$B$6:$C$85,2,FALSE),H35,"")) | J35: 15000000 | K35: =IF($C35>VLOOKUP(FurnaceDesired,$B$6:$C$85,2,FALSE),"",IF($C35>VLOOKUP(FurnaceCurrent,$B$6:$C$85,2,FALSE),J35,"")) | M35: =IF($C35>VLOOKUP(FurnaceDesired,$B$6:$C$85,2,FALSE),"",IF($C35>VLOOKUP(FurnaceCurrent,$B$6:$C$85,2,FALSE),L35,"")) | O35: =IF($C35>VLOOKUP(FurnaceDesired,$B$6:$C$85,2,FALSE),"",IF($C35>VLOOKUP(FurnaceCurrent,$B$6:$C$85,2,FALSE),N35,"")) | Q35: 40 | R35: 4 | S35: 27 | U35: =T35+S35*60+R35*60*60+Q35*60*60*24 -> 3472020 | V35: =IF($C35>VLOOKUP(FurnaceDesired,$B$6:$C$85,2,FALSE),"",IF($C35>VLOOKUP(FurnaceCurrent,$B$6:$C$85,2,FALSE),U35,"")) | X35: 1 | Y35: 3 | Z35: 29 | AA35: 6 | AB35: 28 | AC35: 1 | AD35: 5 | AE35: 26 | AF35: 29 | AG35: 27 | AH35: 1 | AI35: 3
B36: 30-1 | C36: 31 | D36: 67000000 | E36: =IF($C36>VLOOKUP(FurnaceDesired,$B$6:$C$85,2,FALSE),"",IF($C36>VLOOKUP(FurnaceCurrent,$B$6:$C$85,2,FALSE),D36,"")) | F36: 67000000 | G36: =IF($C36>VLOOKUP(FurnaceDesired,$B$6:$C$85,2,FALSE),"",IF($C36>VLOOKUP(FurnaceCurrent,$B$6:$C$85,2,FALSE),F36,"")) | H36: 13000000 | I36: =IF($C36>VLOOKUP(FurnaceDesired,$B$6:$C$85,2,FALSE),"",IF($C36>VLOOKUP(FurnaceCurrent,$B$6:$C$85,2,FALSE),H36,"")) | J36: 3300000 | K36: =IF($C36>VLOOKUP(FurnaceDesired,$B$6:$C$85,2,FALSE),"",IF($C36>VLOOKUP(FurnaceCurrent,$B$6:$C$85,2,FALSE),J36,"")) | L36: 132 | M36: =IF($C36>VLOOKUP(FurnaceDesired,$B$6:$C$85,2,FALSE),"",IF($C36>VLOOKUP(FurnaceCurrent,$B$6:$C$85,2,FALSE),L36,"")) | O36: =IF($C36>VLOOKUP(FurnaceDesired,$B$6:$C$85,2,FALSE),"",IF($C36>VLOOKUP(FurnaceCurrent,$B$6:$C$85,2,FALSE),N36,"")) | Q36: 7 | U36: =T36+S36*60+R36*60*60+Q36*60*60*24 -> 604800 | V36: =IF($C36>VLOOKUP(FurnaceDesired,$B$6:$C$85,2,FALSE),"",IF($C36>VLOOKUP(FurnaceCurrent,$B$6:$C$85,2,FALSE),U36,"")) | X36: 1 | Y36: 3 | Z36: 30 | AA36: 6 | AB36: 28 | AC36: 1 | AD36: 5 | AE36: 26 | AF36: 29 | AG36: 30 | AH36: 1 | AI36: 3
B37: 30-2 | C37: 32 | D37: 67000000 | E37: =IF($C37>VLOOKUP(FurnaceDesired,$B$6:$C$85,2,FALSE),"",IF($C37>VLOOKUP(FurnaceCurrent,$B$6:$C$85,2,FALSE),D37,"")) | F37: 67000000 | G37: =IF($C37>VLOOKUP(FurnaceDesired,$B$6:$C$85,2,FALSE),"",IF($C37>VLOOKUP(FurnaceCurrent,$B$6:$C$85,2,FALSE),F37,"")) | H37: 13000000 | I37: =IF($C37>VLOOKUP(FurnaceDesired,$B$6:$C$85,2,FALSE),"",IF($C37>VLOOKUP(FurnaceCurrent,$B$6:$C$85,2,FALSE),H37,"")) | J37: 3300000 | K37: =IF($C37>VLOOKUP(FurnaceDesired,$B$6:$C$85,2,FALSE),"",IF($C37>VLOOKUP(FurnaceCurrent,$B$6:$C$85,2,FALSE),J37,"")) | L37: 132 | M37: =IF($C37>VLOOKUP(FurnaceDesired,$B$6:$C$85,2,FALSE),"",IF($C37>VLOOKUP(FurnaceCurrent,$B$6:$C$85,2,FALSE),L37,"")) | O37: =IF($C37>VLOOKUP(FurnaceDesired,$B$6:$C$85,2,FALSE),"",IF($C37>VLOOKUP(FurnaceCurrent,$B$6:$C$85,2,FALSE),N37,"")) | Q37: 7 | U37: =T37+S37*60+R37*60*60+Q37*60*60*24 -> 604800 | V37: =IF($C37>VLOOKUP(FurnaceDesired,$B$6:$C$85,2,FALSE),"",IF($C37>VLOOKUP(FurnaceCurrent,$B$6:$C$85,2,FALSE),U37,"")) | X37: 1 | Y37: 3 | Z37: 30 | AA37: 6 | AB37: 28 | AC37: 1 | AD37: 5 | AE37: 26 | AF37: 29 | AG37: 30 | AH37: 1 | AI37: 3
B38: 30-3 | C38: 33 | D38: 67000000 | E38: =IF($C38>VLOOKUP(FurnaceDesired,$B$6:$C$85,2,FALSE),"",IF($C38>VLOOKUP(FurnaceCurrent,$B$6:$C$85,2,FALSE),D38,"")) | F38: 67000000 | G38: =IF($C38>VLOOKUP(FurnaceDesired,$B$6:$C$85,2,FALSE),"",IF($C38>VLOOKUP(FurnaceCurrent,$B$6:$C$85,2,FALSE),F38,"")) | H38: 13000000 | I38: =IF($C38>VLOOKUP(FurnaceDesired,$B$6:$C$85,2,FALSE),"",IF($C38>VLOOKUP(FurnaceCurrent,$B$6:$C$85,2,FALSE),H38,"")) | J38: 3300000 | K38: =IF($C38>VLOOKUP(FurnaceDesired,$B$6:$C$85,2,FALSE),"",IF($C38>VLOOKUP(FurnaceCurrent,$B$6:$C$85,2,FALSE),J38,"")) | L38: 132 | M38: =IF($C38>VLOOKUP(FurnaceDesired,$B$6:$C$85,2,FALSE),"",IF($C38>VLOOKUP(FurnaceCurrent,$B$6:$C$85,2,FALSE),L38,"")) | O38: =IF($C38>VLOOKUP(FurnaceDesired,$B$6:$C$85,2,FALSE),"",IF($C38>VLOOKUP(FurnaceCurrent,$B$6:$C$85,2,FALSE),N38,"")) | Q38: 7 | U38: =T38+S38*60+R38*60*60+Q38*60*60*24 -> 604800 | V38: =IF($C38>VLOOKUP(FurnaceDesired,$B$6:$C$85,2,FALSE),"",IF($C38>VLOOKUP(FurnaceCurrent,$B$6:$C$85,2,FALSE),U38,"")) | X38: 1 | Y38: 3 | Z38: 30 | AA38: 6 | AB38: 28 | AC38: 1 | AD38: 5 | AE38: 26 | AF38: 29 | AG38: 30 | AH38: 1 | AI38: 3
B39: 30-4 | C39: 34 | D39: 67000000 | E39: =IF($C39>VLOOKUP(FurnaceDesired,$B$6:$C$85,2,FALSE),"",IF($C39>VLOOKUP(FurnaceCurrent,$B$6:$C$85,2,FALSE),D39,"")) | F39: 67000000 | G39: =IF($C39>VLOOKUP(FurnaceDesired,$B$6:$C$85,2,FALSE),"",IF($C39>VLOOKUP(FurnaceCurrent,$B$6:$C$85,2,FALSE),F39,"")) | H39: 13000000 | I39: =IF($C39>VLOOKUP(FurnaceDesired,$B$6:$C$85,2,FALSE),"",IF($C39>VLOOKUP(FurnaceCurrent,$B$6:$C$85,2,FALSE),H39,"")) | J39: 3300000 | K39: =IF($C39>VLOOKUP(FurnaceDesired,$B$6:$C$85,2,FALSE),"",IF($C39>VLOOKUP(FurnaceCurrent,$B$6:$C$85,2,FALSE),J39,"")) | L39: 132 | M39: =IF($C39>VLOOKUP(FurnaceDesired,$B$6:$C$85,2,FALSE),"",IF($C39>VLOOKUP(FurnaceCurrent,$B$6:$C$85,2,FALSE),L39,"")) | O39: =IF($C39>VLOOKUP(FurnaceDesired,$B$6:$C$85,2,FALSE),"",IF($C39>VLOOKUP(FurnaceCurrent,$B$6:$C$85,2,FALSE),N39,"")) | Q39: 7 | U39: =T39+S39*60+R39*60*60+Q39*60*60*24 -> 604800 | V39: =IF($C39>VLOOKUP(FurnaceDesired,$B$6:$C$85,2,FALSE),"",IF($C39>VLOOKUP(FurnaceCurrent,$B$6:$C$85,2,FALSE),U39,"")) | X39: 1 | Y39: 3 | Z39: 30 | AA39: 6 | AB39: 28 | AC39: 1 | AD39: 5 | AE39: 26 | AF39: 29 | AG39: 30 | AH39: 1 | AI39: 3
B40: FC1 | C40: 35 | D40: 67000000 | E40: =IF($C40>VLOOKUP(FurnaceDesired,$B$6:$C$85,2,FALSE),"",IF($C40>VLOOKUP(FurnaceCurrent,$B$6:$C$85,2,FALSE),D40,"")) | F40: 67000000 | G40: =IF($C40>VLOOKUP(FurnaceDesired,$B$6:$C$85,2,FALSE),"",IF($C40>VLOOKUP(FurnaceCurrent,$B$6:$C$85,2,FALSE),F40,"")) | H40: 13000000 | I40: =IF($C40>VLOOKUP(FurnaceDesired,$B$6:$C$85,2,FALSE),"",IF($C40>VLOOKUP(FurnaceCurrent,$B$6:$C$85,2,FALSE),H40,"")) | J40: 3300000 | K40: =IF($C40>VLOOKUP(FurnaceDesired,$B$6:$C$85,2,FALSE),"",IF($C40>VLOOKUP(FurnaceCurrent,$B$6:$C$85,2,FALSE),J40,"")) | L40: 132 | M40: =IF($C40>VLOOKUP(FurnaceDesired,$B$6:$C$85,2,FALSE),"",IF($C40>VLOOKUP(FurnaceCurrent,$B$6:$C$85,2,FALSE),L40,"")) | O40: =IF($C40>VLOOKUP(FurnaceDesired,$B$6:$C$85,2,FALSE),"",IF($C40>VLOOKUP(FurnaceCurrent,$B$6:$C$85,2,FALSE),N40,"")) | Q40: 7 | U40: =T40+S40*60+R40*60*60+Q40*60*60*24 -> 604800 | V40: =IF($C40>VLOOKUP(FurnaceDesired,$B$6:$C$85,2,FALSE),"",IF($C40>VLOOKUP(FurnaceCurrent,$B$6:$C$85,2,FALSE),U40,"")) | X40: 1 | Y40: 3 | Z40: 30 | AA40: 6 | AB40: 28 | AC40: 1 | AD40: 5 | AE40: 26 | AF40: 29 | AG40: 30 | AH40: 1 | AI40: 3
B41: FC1-1 | C41: 36 | D41: 72000000 | E41: =IF($C41>VLOOKUP(FurnaceDesired,$B$6:$C$85,2,FALSE),"",IF($C41>VLOOKUP(FurnaceCurrent,$B$6:$C$85,2,FALSE),D41,"")) | F41: 72000000 | G41: =IF($C41>VLOOKUP(FurnaceDesired,$B$6:$C$85,2,FALSE),"",IF($C41>VLOOKUP(FurnaceCurrent,$B$6:$C$85,2,FALSE),F41,"")) | H41: 14000000 | I41: =IF($C41>VLOOKUP(FurnaceDesired,$B$6:$C$85,2,FALSE),"",IF($C41>VLOOKUP(FurnaceCurrent,$B$6:$C$85,2,FALSE),H41,"")) | J41: 3600000 | K41: =IF($C41>VLOOKUP(FurnaceDesired,$B$6:$C$85,2,FALSE),"",IF($C41>VLOOKUP(FurnaceCurrent,$B$6:$C$85,2,FALSE),J41,"")) | L41: 158 | M41: =IF($C41>VLOOKUP(FurnaceDesired,$B$6:$C$85,2,FALSE),"",IF($C41>VLOOKUP(FurnaceCurrent,$B$6:$C$85,2,FALSE),L41,"")) | O41: =IF($C41>VLOOKUP(FurnaceDesired,$B$6:$C$85,2,FALSE),"",IF($C41>VLOOKUP(FurnaceCurrent,$B$6:$C$85,2,FALSE),N41,"")) | Q41: 9 | U41: =T41+S41*60+R41*60*60+Q41*60*60*24 -> 777600 | V41: =IF($C41>VLOOKUP(FurnaceDesired,$B$6:$C$85,2,FALSE),"",IF($C41>VLOOKUP(FurnaceCurrent,$B$6:$C$85,2,FALSE),U41,"")) | X41: 1 | Y41: 3 | Z41: FC1 | AA41: 6 | AB41: 28 | AC41: 1 | AD41: 5 | AE41: FC1 | AF41: 29 | AG41: 30 | AH41: 1 | AI41: 3
B42: FC1-2 | C42: 37 | D42: 72000000 | E42: =IF($C42>VLOOKUP(FurnaceDesired,$B$6:$C$85,2,FALSE),"",IF($C42>VLOOKUP(FurnaceCurrent,$B$6:$C$85,2,FALSE),D42,"")) | F42: 72000000 | G42: =IF($C42>VLOOKUP(FurnaceDesired,$B$6:$C$85,2,FALSE),"",IF($C42>VLOOKUP(FurnaceCurrent,$B$6:$C$85,2,FALSE),F42,"")) | H42: 14000000 | I42: =IF($C42>VLOOKUP(FurnaceDesired,$B$6:$C$85,2,FALSE),"",IF($C42>VLOOKUP(FurnaceCurrent,$B$6:$C$85,2,FALSE),H42,"")) | J42: 3600000 | K42: =IF($C42>VLOOKUP(FurnaceDesired,$B$6:$C$85,2,FALSE),"",IF($C42>VLOOKUP(FurnaceCurrent,$B$6:$C$85,2,FALSE),J42,"")) | L42: 158 | M42: =IF($C42>VLOOKUP(FurnaceDesired,$B$6:$C$85,2,FALSE),"",IF($C42>VLOOKUP(FurnaceCurrent,$B$6:$C$85,2,FALSE),L42,"")) | O42: =IF($C42>VLOOKUP(FurnaceDesired,$B$6:$C$85,2,FALSE),"",IF($C42>VLOOKUP(FurnaceCurrent,$B$6:$C$85,2,FALSE),N42,"")) | Q42: 9 | U42: =T42+S42*60+R42*60*60+Q42*60*60*24 -> 777600 | V42: =IF($C42>VLOOKUP(FurnaceDesired,$B$6:$C$85,2,FALSE),"",IF($C42>VLOOKUP(FurnaceCurrent,$B$6:$C$85,2,FALSE),U42,"")) | X42: 1 | Y42: 3 | Z42: FC1 | AA42: 6 | AB42: 28 | AC42: 1 | AD42: 5 | AE42: FC1 | AF42: 29 | AG42: 30 | AH42: 1 | AI42: 3
B43: FC1-3 | C43: 38 | D43: 72000000 | E43: =IF($C43>VLOOKUP(FurnaceDesired,$B$6:$C$85,2,FALSE),"",IF($C43>VLOOKUP(FurnaceCurrent,$B$6:$C$85,2,FALSE),D43,"")) | F43: 72000000 | G43: =IF($C43>VLOOKUP(FurnaceDesired,$B$6:$C$85,2,FALSE),"",IF($C43>VLOOKUP(FurnaceCurrent,$B$6:$C$85,2,FALSE),F43,"")) | H43: 14000000 | I43: =IF($C43>VLOOKUP(FurnaceDesired,$B$6:$C$85,2,FALSE),"",IF($C43>VLOOKUP(FurnaceCurrent,$B$6:$C$85,2,FALSE),H43,"")) | J43: 3600000 | K43: =IF($C43>VLOOKUP(FurnaceDesired,$B$6:$C$85,2,FALSE),"",IF($C43>VLOOKUP(FurnaceCurrent,$B$6:$C$85,2,FALSE),J43,"")) | L43: 158 | M43: =IF($C43>VLOOKUP(FurnaceDesired,$B$6:$C$85,2,FALSE),"",IF($C43>VLOOKUP(FurnaceCurrent,$B$6:$C$85,2,FALSE),L43,"")) | O43: =IF($C43>VLOOKUP(FurnaceDesired,$B$6:$C$85,2,FALSE),"",IF($C43>VLOOKUP(FurnaceCurrent,$B$6:$C$85,2,FALSE),N43,"")) | Q43: 9 | U43: =T43+S43*60+R43*60*60+Q43*60*60*24 -> 777600 | V43: =IF($C43>VLOOKUP(FurnaceDesired,$B$6:$C$85,2,FALSE),"",IF($C43>VLOOKUP(FurnaceCurrent,$B$6:$C$85,2,FALSE),U43,"")) | X43: 1 | Y43: 3 | Z43: FC1 | AA43: 6 | AB43: 28 | AC43: 1 | AD43: 5 | AE43: FC1 | AF43: 29 | AG43: 30 | AH43: 1 | AI43: 3
B44: FC1-4 | C44: 39 | D44: 72000000 | E44: =IF($C44>VLOOKUP(FurnaceDesired,$B$6:$C$85,2,FALSE),"",IF($C44>VLOOKUP(FurnaceCurrent,$B$6:$C$85,2,FALSE),D44,"")) | F44: 72000000 | G44: =IF($C44>VLOOKUP(FurnaceDesired,$B$6:$C$85,2,FALSE),"",IF($C44>VLOOKUP(FurnaceCurrent,$B$6:$C$85,2,FALSE),F44,"")) | H44: 14000000 | I44: =IF($C44>VLOOKUP(FurnaceDesired,$B$6:$C$85,2,FALSE),"",IF($C44>VLOOKUP(FurnaceCurrent,$B$6:$C$85,2,FALSE),H44,"")) | J44: 3600000 | K44: =IF($C44>VLOOKUP(FurnaceDesired,$B$6:$C$85,2,FALSE),"",IF($C44>VLOOKUP(FurnaceCurrent,$B$6:$C$85,2,FALSE),J44,"")) | L44: 158 | M44: =IF($C44>VLOOKUP(FurnaceDesired,$B$6:$C$85,2,FALSE),"",IF($C44>VLOOKUP(FurnaceCurrent,$B$6:$C$85,2,FALSE),L44,"")) | O44: =IF($C44>VLOOKUP(FurnaceDesired,$B$6:$C$85,2,FALSE),"",IF($C44>VLOOKUP(FurnaceCurrent,$B$6:$C$85,2,FALSE),N44,"")) | Q44: 9 | U44: =T44+S44*60+R44*60*60+Q44*60*60*24 -> 777600 | V44: =IF($C44>VLOOKUP(FurnaceDesired,$B$6:$C$85,2,FALSE),"",IF($C44>VLOOKUP(FurnaceCurrent,$B$6:$C$85,2,FALSE),U44,"")) | X44: 1 | Y44: 3 | Z44: FC1 | AA44: 6 | AB44: 28 | AC44: 1 | AD44: 5 | AE44: FC1 | AF44: 29 | AG44: 30 | AH44: 1 | AI44: 3
B45: FC2 | C45: 40 | D45: 72000000 | E45: =IF($C45>VLOOKUP(FurnaceDesired,$B$6:$C$85,2,FALSE),"",IF($C45>VLOOKUP(FurnaceCurrent,$B$6:$C$85,2,FALSE),D45,"")) | F45: 72000000 | G45: =IF($C45>VLOOKUP(FurnaceDesired,$B$6:$C$85,2,FALSE),"",IF($C45>VLOOKUP(FurnaceCurrent,$B$6:$C$85,2,FALSE),F45,"")) | H45: 14000000 | I45: =IF($C45>VLOOKUP(FurnaceDesired,$B$6:$C$85,2,FALSE),"",IF($C45>VLOOKUP(FurnaceCurrent,$B$6:$C$85,2,FALSE),H45,"")) | J45: 3600000 | K45: =IF($C45>VLOOKUP(FurnaceDesired,$B$6:$C$85,2,FALSE),"",IF($C45>VLOOKUP(FurnaceCurrent,$B$6:$C$85,2,FALSE),J45,"")) | L45: 158 | M45: =IF($C45>VLOOKUP(FurnaceDesired,$B$6:$C$85,2,FALSE),"",IF($C45>VLOOKUP(FurnaceCurrent,$B$6:$C$85,2,FALSE),L45,"")) | O45: =IF($C45>VLOOKUP(FurnaceDesired,$B$6:$C$85,2,FALSE),"",IF($C45>VLOOKUP(FurnaceCurrent,$B$6:$C$85,2,FALSE),N45,"")) | Q45: 9 | U45: =T45+S45*60+R45*60*60+Q45*60*60*24 -> 777600 | V45: =IF($C45>VLOOKUP(FurnaceDesired,$B$6:$C$85,2,FALSE),"",IF($C45>VLOOKUP(FurnaceCurrent,$B$6:$C$85,2,FALSE),U45,"")) | X45: 1 | Y45: 3 | Z45: FC1 | AA45: 6 | AB45: 28 | AC45: 1 | AD45: 5 | AE45: FC1 | AF45: 29 | AG45: 30 | AH45: 1 | AI45: 3
B46: FC2-1 | C46: 41 | D46: 79000000 | E46: =IF($C46>VLOOKUP(FurnaceDesired,$B$6:$C$85,2,FALSE),"",IF($C46>VLOOKUP(FurnaceCurrent,$B$6:$C$85,2,FALSE),D46,"")) | F46: 79000000 | G46: =IF($C46>VLOOKUP(FurnaceDesired,$B$6:$C$85,2,FALSE),"",IF($C46>VLOOKUP(FurnaceCurrent,$B$6:$C$85,2,FALSE),F46,"")) | H46: 15000000 | I46: =IF($C46>VLOOKUP(FurnaceDesired,$B$6:$C$85,2,FALSE),"",IF($C46>VLOOKUP(FurnaceCurrent,$B$6:$C$85,2,FALSE),H46,"")) | J46: 3900000 | K46: =IF($C46>VLOOKUP(FurnaceDesired,$B$6:$C$85,2,FALSE),"",IF($C46>VLOOKUP(FurnaceCurrent,$B$6:$C$85,2,FALSE),J46,"")) | L46: 238 | M46: =IF($C46>VLOOKUP(FurnaceDesired,$B$6:$C$85,2,FALSE),"",IF($C46>VLOOKUP(FurnaceCurrent,$B$6:$C$85,2,FALSE),L46,"")) | O46: =IF($C46>VLOOKUP(FurnaceDesired,$B$6:$C$85,2,FALSE),"",IF($C46>VLOOKUP(FurnaceCurrent,$B$6:$C$85,2,FALSE),N46,"")) | Q46: 11 | U46: =T46+S46*60+R46*60*60+Q46*60*60*24 -> 950400 | V46: =IF($C46>VLOOKUP(FurnaceDesired,$B$6:$C$85,2,FALSE),"",IF($C46>VLOOKUP(FurnaceCurrent,$B$6:$C$85,2,FALSE),U46,"")) | X46: 1 | Y46: 3 | Z46: FC2 | AA46: 6 | AB46: FC2 | AC46: 1 | AD46: 5 | AE46: FC1 | AF46: 29 | AG46: 30 | AH46: 1 | AI46: 3
B47: FC2-2 | C47: 42 | D47: 79000000 | E47: =IF($C47>VLOOKUP(FurnaceDesired,$B$6:$C$85,2,FALSE),"",IF($C47>VLOOKUP(FurnaceCurrent,$B$6:$C$85,2,FALSE),D47,"")) | F47: 79000000 | G47: =IF($C47>VLOOKUP(FurnaceDesired,$B$6:$C$85,2,FALSE),"",IF($C47>VLOOKUP(FurnaceCurrent,$B$6:$C$85,2,FALSE),F47,"")) | H47: 15000000 | I47: =IF($C47>VLOOKUP(FurnaceDesired,$B$6:$C$85,2,FALSE),"",IF($C47>VLOOKUP(FurnaceCurrent,$B$6:$C$85,2,FALSE),H47,"")) | J47: 3900000 | K47: =IF($C47>VLOOKUP(FurnaceDesired,$B$6:$C$85,2,FALSE),"",IF($C47>VLOOKUP(FurnaceCurrent,$B$6:$C$85,2,FALSE),J47,"")) | L47: 238 | M47: =IF($C47>VLOOKUP(FurnaceDesired,$B$6:$C$85,2,FALSE),"",IF($C47>VLOOKUP(FurnaceCurrent,$B$6:$C$85,2,FALSE),L47,"")) | O47: =IF($C47>VLOOKUP(FurnaceDesired,$B$6:$C$85,2,FALSE),"",IF($C47>VLOOKUP(FurnaceCurrent,$B$6:$C$85,2,FALSE),N47,"")) | Q47: 11 | U47: =T47+S47*60+R47*60*60+Q47*60*60*24 -> 950400 | V47: =IF($C47>VLOOKUP(FurnaceDesired,$B$6:$C$85,2,FALSE),"",IF($C47>VLOOKUP(FurnaceCurrent,$B$6:$C$85,2,FALSE),U47,"")) | X47: 1 | Y47: 3 | Z47: FC2 | AA47: 6 | AB47: FC2 | AC47: 1 | AD47: 5 | AE47: FC1 | AF47: 29 | AG47: 30 | AH47: 1 | AI47: 3
B48: FC2-3 | C48: 43 | D48: 79000000 | E48: =IF($C48>VLOOKUP(FurnaceDesired,$B$6:$C$85,2,FALSE),"",IF($C48>VLOOKUP(FurnaceCurrent,$B$6:$C$85,2,FALSE),D48,"")) | F48: 79000000 | G48: =IF($C48>VLOOKUP(FurnaceDesired,$B$6:$C$85,2,FALSE),"",IF($C48>VLOOKUP(FurnaceCurrent,$B$6:$C$85,2,FALSE),F48,"")) | H48: 15000000 | I48: =IF($C48>VLOOKUP(FurnaceDesired,$B$6:$C$85,2,FALSE),"",IF($C48>VLOOKUP(FurnaceCurrent,$B$6:$C$85,2,FALSE),H48,"")) | J48: 3900000 | K48: =IF($C48>VLOOKUP(FurnaceDesired,$B$6:$C$85,2,FALSE),"",IF($C48>VLOOKUP(FurnaceCurrent,$B$6:$C$85,2,FALSE),J48,"")) | L48: 238 | M48: =IF($C48>VLOOKUP(FurnaceDesired,$B$6:$C$85,2,FALSE),"",IF($C48>VLOOKUP(FurnaceCurrent,$B$6:$C$85,2,FALSE),L48,"")) | O48: =IF($C48>VLOOKUP(FurnaceDesired,$B$6:$C$85,2,FALSE),"",IF($C48>VLOOKUP(FurnaceCurrent,$B$6:$C$85,2,FALSE),N48,"")) | Q48: 11 | U48: =T48+S48*60+R48*60*60+Q48*60*60*24 -> 950400 | V48: =IF($C48>VLOOKUP(FurnaceDesired,$B$6:$C$85,2,FALSE),"",IF($C48>VLOOKUP(FurnaceCurrent,$B$6:$C$85,2,FALSE),U48,"")) | X48: 1 | Y48: 3 | Z48: FC2 | AA48: 6 | AB48: FC2 | AC48: 1 | AD48: 5 | AE48: FC1 | AF48: 29 | AG48: 30 | AH48: 1 | AI48: 3
B49: FC2-4 | C49: 44 | D49: 79000000 | E49: =IF($C49>VLOOKUP(FurnaceDesired,$B$6:$C$85,2,FALSE),"",IF($C49>VLOOKUP(FurnaceCurrent,$B$6:$C$85,2,FALSE),D49,"")) | F49: 79000000 | G49: =IF($C49>VLOOKUP(FurnaceDesired,$B$6:$C$85,2,FALSE),"",IF($C49>VLOOKUP(FurnaceCurrent,$B$6:$C$85,2,FALSE),F49,"")) | H49: 15000000 | I49: =IF($C49>VLOOKUP(FurnaceDesired,$B$6:$C$85,2,FALSE),"",IF($C49>VLOOKUP(FurnaceCurrent,$B$6:$C$85,2,FALSE),H49,"")) | J49: 3900000 | K49: =IF($C49>VLOOKUP(FurnaceDesired,$B$6:$C$85,2,FALSE),"",IF($C49>VLOOKUP(FurnaceCurrent,$B$6:$C$85,2,FALSE),J49,"")) | L49: 238 | M49: =IF($C49>VLOOKUP(FurnaceDesired,$B$6:$C$85,2,FALSE),"",IF($C49>VLOOKUP(FurnaceCurrent,$B$6:$C$85,2,FALSE),L49,"")) | O49: =IF($C49>VLOOKUP(FurnaceDesired,$B$6:$C$85,2,FALSE),"",IF($C49>VLOOKUP(FurnaceCurrent,$B$6:$C$85,2,FALSE),N49,"")) | Q49: 11 | U49: =T49+S49*60+R49*60*60+Q49*60*60*24 -> 950400 | V49: =IF($C49>VLOOKUP(FurnaceDesired,$B$6:$C$85,2,FALSE),"",IF($C49>VLOOKUP(FurnaceCurrent,$B$6:$C$85,2,FALSE),U49,"")) | X49: 1 | Y49: 3 | Z49: FC2 | AA49: 6 | AB49: FC2 | AC49: 1 | AD49: 5 | AE49: FC1 | AF49: 29 | AG49: 30 | AH49: 1 | AI49: 3
B50: FC3 | C50: 45 | D50: 79000000 | E50: =IF($C50>VLOOKUP(FurnaceDesired,$B$6:$C$85,2,FALSE),"",IF($C50>VLOOKUP(FurnaceCurrent,$B$6:$C$85,2,FALSE),D50,"")) | F50: 79000000 | G50: =IF($C50>VLOOKUP(FurnaceDesired,$B$6:$C$85,2,FALSE),"",IF($C50>VLOOKUP(FurnaceCurrent,$B$6:$C$85,2,FALSE),F50,"")) | H50: 15000000 | I50: =IF($C50>VLOOKUP(FurnaceDesired,$B$6:$C$85,2,FALSE),"",IF($C50>VLOOKUP(FurnaceCurrent,$B$6:$C$85,2,FALSE),H50,"")) | J50: 3900000 | K50: =IF($C50>VLOOKUP(FurnaceDesired,$B$6:$C$85,2,FALSE),"",IF($C50>VLOOKUP(FurnaceCurrent,$B$6:$C$85,2,FALSE),J50,"")) | L50: 238 | M50: =IF($C50>VLOOKUP(FurnaceDesired,$B$6:$C$85,2,FALSE),"",IF($C50>VLOOKUP(FurnaceCurrent,$B$6:$C$85,2,FALSE),L50,"")) | O50: =IF($C50>VLOOKUP(FurnaceDesired,$B$6:$C$85,2,FALSE),"",IF($C50>VLOOKUP(FurnaceCurrent,$B$6:$C$85,2,FALSE),N50,"")) | Q50: 11 | U50: =T50+S50*60+R50*60*60+Q50*60*60*24 -> 950400 | V50: =IF($C50>VLOOKUP(FurnaceDesired,$B$6:$C$85,2,FALSE),"",IF($C50>VLOOKUP(FurnaceCurrent,$B$6:$C$85,2,FALSE),U50,"")) | X50: 1 | Y50: 3 | Z50: FC2 | AA50: 6 | AB50: FC2 | AC50: 1 | AD50: 5 | AE50: FC1 | AF50: 29 | AG50: 30 | AH50: 1 | AI50: 3
B51: FC3-1 | C51: 46 | D51: 82000000 | E51: =IF($C51>VLOOKUP(FurnaceDesired,$B$6:$C$85,2,FALSE),"",IF($C51>VLOOKUP(FurnaceCurrent,$B$6:$C$85,2,FALSE),D51,"")) | F51: 82000000 | G51: =IF($C51>VLOOKUP(FurnaceDesired,$B$6:$C$85,2,FALSE),"",IF($C51>VLOOKUP(FurnaceCurrent,$B$6:$C$85,2,FALSE),F51,"")) | H51: 16000000 | I51: =IF($C51>VLOOKUP(FurnaceDesired,$B$6:$C$85,2,FALSE),"",IF($C51>VLOOKUP(FurnaceCurrent,$B$6:$C$85,2,FALSE),H51,"")) | J51: 4100000 | K51: =IF($C51>VLOOKUP(FurnaceDesired,$B$6:$C$85,2,FALSE),"",IF($C51>VLOOKUP(FurnaceCurrent,$B$6:$C$85,2,FALSE),J51,"")) | L51: 280 | M51: =IF($C51>VLOOKUP(FurnaceDesired,$B$6:$C$85,2,FALSE),"",IF($C51>VLOOKUP(FurnaceCurrent,$B$6:$C$85,2,FALSE),L51,"")) | O51: =IF($C51>VLOOKUP(FurnaceDesired,$B$6:$C$85,2,FALSE),"",IF($C51>VLOOKUP(FurnaceCurrent,$B$6:$C$85,2,FALSE),N51,"")) | Q51: 12 | U51: =T51+S51*60+R51*60*60+Q51*60*60*24 -> 1036800 | V51: =IF($C51>VLOOKUP(FurnaceDesired,$B$6:$C$85,2,FALSE),"",IF($C51>VLOOKUP(FurnaceCurrent,$B$6:$C$85,2,FALSE),U51,"")) | X51: 1 | Y51: 3 | Z51: FC3 | AA51: 6 | AB51: FC2 | AC51: 1 | AD51: 5 | AE51: FC1 | AF51: FC3 | AG51: 30 | AH51: 1 | AI51: 3
B52: FC3-2 | C52: 47 | D52: 82000000 | E52: =IF($C52>VLOOKUP(FurnaceDesired,$B$6:$C$85,2,FALSE),"",IF($C52>VLOOKUP(FurnaceCurrent,$B$6:$C$85,2,FALSE),D52,"")) | F52: 82000000 | G52: =IF($C52>VLOOKUP(FurnaceDesired,$B$6:$C$85,2,FALSE),"",IF($C52>VLOOKUP(FurnaceCurrent,$B$6:$C$85,2,FALSE),F52,"")) | H52: 16000000 | I52: =IF($C52>VLOOKUP(FurnaceDesired,$B$6:$C$85,2,FALSE),"",IF($C52>VLOOKUP(FurnaceCurrent,$B$6:$C$85,2,FALSE),H52,"")) | J52: 4100000 | K52: =IF($C52>VLOOKUP(FurnaceDesired,$B$6:$C$85,2,FALSE),"",IF($C52>VLOOKUP(FurnaceCurrent,$B$6:$C$85,2,FALSE),J52,"")) | L52: 280 | M52: =IF($C52>VLOOKUP(FurnaceDesired,$B$6:$C$85,2,FALSE),"",IF($C52>VLOOKUP(FurnaceCurrent,$B$6:$C$85,2,FALSE),L52,"")) | O52: =IF($C52>VLOOKUP(FurnaceDesired,$B$6:$C$85,2,FALSE),"",IF($C52>VLOOKUP(FurnaceCurrent,$B$6:$C$85,2,FALSE),N52,"")) | Q52: 12 | U52: =T52+S52*60+R52*60*60+Q52*60*60*24 -> 1036800 | V52: =IF($C52>VLOOKUP(FurnaceDesired,$B$6:$C$85,2,FALSE),"",IF($C52>VLOOKUP(FurnaceCurrent,$B$6:$C$85,2,FALSE),U52,"")) | X52: 1 | Y52: 3 | Z52: FC3 | AA52: 6 | AB52: FC2 | AC52: 1 | AD52: 5 | AE52: FC1 | AF52: FC3 | AG52: 30 | AH52: 1 | AI52: 3
B53: FC3-3 | C53: 48 | D53: 82000000 | E53: =IF($C53>VLOOKUP(FurnaceDesired,$B$6:$C$85,2,FALSE),"",IF($C53>VLOOKUP(FurnaceCurrent,$B$6:$C$85,2,FALSE),D53,"")) | F53: 82000000 | G53: =IF($C53>VLOOKUP(FurnaceDesired,$B$6:$C$85,2,FALSE),"",IF($C53>VLOOKUP(FurnaceCurrent,$B$6:$C$85,2,FALSE),F53,"")) | H53: 16000000 | I53: =IF($C53>VLOOKUP(FurnaceDesired,$B$6:$C$85,2,FALSE),"",IF($C53>VLOOKUP(FurnaceCurrent,$B$6:$C$85,2,FALSE),H53,"")) | J53: 4100000 | K53: =IF($C53>VLOOKUP(FurnaceDesired,$B$6:$C$85,2,FALSE),"",IF($C53>VLOOKUP(FurnaceCurrent,$B$6:$C$85,2,FALSE),J53,"")) | L53: 280 | M53: =IF($C53>VLOOKUP(FurnaceDesired,$B$6:$C$85,2,FALSE),"",IF($C53>VLOOKUP(FurnaceCurrent,$B$6:$C$85,2,FALSE),L53,"")) | O53: =IF($C53>VLOOKUP(FurnaceDesired,$B$6:$C$85,2,FALSE),"",IF($C53>VLOOKUP(FurnaceCurrent,$B$6:$C$85,2,FALSE),N53,"")) | Q53: 12 | U53: =T53+S53*60+R53*60*60+Q53*60*60*24 -> 1036800 | V53: =IF($C53>VLOOKUP(FurnaceDesired,$B$6:$C$85,2,FALSE),"",IF($C53>VLOOKUP(FurnaceCurrent,$B$6:$C$85,2,FALSE),U53,"")) | X53: 1 | Y53: 3 | Z53: FC3 | AA53: 6 | AB53: FC2 | AC53: 1 | AD53: 5 | AE53: FC1 | AF53: FC3 | AG53: 30 | AH53: 1 | AI53: 3
B54: FC3-4 | C54: 49 | D54: 82000000 | E54: =IF($C54>VLOOKUP(FurnaceDesired,$B$6:$C$85,2,FALSE),"",IF($C54>VLOOKUP(FurnaceCurrent,$B$6:$C$85,2,FALSE),D54,"")) | F54: 82000000 | G54: =IF($C54>VLOOKUP(FurnaceDesired,$B$6:$C$85,2,FALSE),"",IF($C54>VLOOKUP(FurnaceCurrent,$B$6:$C$85,2,FALSE),F54,"")) | H54: 16000000 | I54: =IF($C54>VLOOKUP(FurnaceDesired,$B$6:$C$85,2,FALSE),"",IF($C54>VLOOKUP(FurnaceCurrent,$B$6:$C$85,2,FALSE),H54,"")) | J54: 4100000 | K54: =IF($C54>VLOOKUP(FurnaceDesired,$B$6:$C$85,2,FALSE),"",IF($C54>VLOOKUP(FurnaceCurrent,$B$6:$C$85,2,FALSE),J54,"")) | L54: 280 | M54: =IF($C54>VLOOKUP(FurnaceDesired,$B$6:$C$85,2,FALSE),"",IF($C54>VLOOKUP(FurnaceCurrent,$B$6:$C$85,2,FALSE),L54,"")) | O54: =IF($C54>VLOOKUP(FurnaceDesired,$B$6:$C$85,2,FALSE),"",IF($C54>VLOOKUP(FurnaceCurrent,$B$6:$C$85,2,FALSE),N54,"")) | Q54: 12 | U54: =T54+S54*60+R54*60*60+Q54*60*60*24 -> 1036800 | V54: =IF($C54>VLOOKUP(FurnaceDesired,$B$6:$C$85,2,FALSE),"",IF($C54>VLOOKUP(FurnaceCurrent,$B$6:$C$85,2,FALSE),U54,"")) | X54: 1 | Y54: 3 | Z54: FC3 | AA54: 6 | AB54: FC2 | AC54: 1 | AD54: 5 | AE54: FC1 | AF54: FC3 | AG54: 30 | AH54: 1 | AI54: 3
B55: FC4 | C55: 50 | D55: 82000000 | E55: =IF($C55>VLOOKUP(FurnaceDesired,$B$6:$C$85,2,FALSE),"",IF($C55>VLOOKUP(FurnaceCurrent,$B$6:$C$85,2,FALSE),D55,"")) | F55: 82000000 | G55: =IF($C55>VLOOKUP(FurnaceDesired,$B$6:$C$85,2,FALSE),"",IF($C55>VLOOKUP(FurnaceCurrent,$B$6:$C$85,2,FALSE),F55,"")) | H55: 16000000 | I55: =IF($C55>VLOOKUP(FurnaceDesired,$B$6:$C$85,2,FALSE),"",IF($C55>VLOOKUP(FurnaceCurrent,$B$6:$C$85,2,FALSE),H55,"")) | J55: 4100000 | K55: =IF($C55>VLOOKUP(FurnaceDesired,$B$6:$C$85,2,FALSE),"",IF($C55>VLOOKUP(FurnaceCurrent,$B$6:$C$85,2,FALSE),J55,"")) | L55: 280 | M55: =IF($C55>VLOOKUP(FurnaceDesired,$B$6:$C$85,2,FALSE),"",IF($C55>VLOOKUP(FurnaceCurrent,$B$6:$C$85,2,FALSE),L55,"")) | O55: =IF($C55>VLOOKUP(FurnaceDesired,$B$6:$C$85,2,FALSE),"",IF($C55>VLOOKUP(FurnaceCurrent,$B$6:$C$85,2,FALSE),N55,"")) | Q55: 12 | U55: =T55+S55*60+R55*60*60+Q55*60*60*24 -> 1036800 | V55: =IF($C55>VLOOKUP(FurnaceDesired,$B$6:$C$85,2,FALSE),"",IF($C55>VLOOKUP(FurnaceCurrent,$B$6:$C$85,2,FALSE),U55,"")) | X55: 1 | Y55: 3 | Z55: FC3 | AA55: 6 | AB55: FC2 | AC55: 1 | AD55: 5 | AE55: FC1 | AF55: FC3 | AG55: 30 | AH55: 1 | AI55: 3
B56: FC4-1 | C56: 51 | D56: 84000000 | E56: =IF($C56>VLOOKUP(FurnaceDesired,$B$6:$C$85,2,FALSE),"",IF($C56>VLOOKUP(FurnaceCurrent,$B$6:$C$85,2,FALSE),D56,"")) | F56: 84000000 | G56: =IF($C56>VLOOKUP(FurnaceDesired,$B$6:$C$85,2,FALSE),"",IF($C56>VLOOKUP(FurnaceCurrent,$B$6:$C$85,2,FALSE),F56,"")) | H56: 16000000 | I56: =IF($C56>VLOOKUP(FurnaceDesired,$B$6:$C$85,2,FALSE),"",IF($C56>VLOOKUP(FurnaceCurrent,$B$6:$C$85,2,FALSE),H56,"")) | J56: 4200000 | K56: =IF($C56>VLOOKUP(FurnaceDesired,$B$6:$C$85,2,FALSE),"",IF($C56>VLOOKUP(FurnaceCurrent,$B$6:$C$85,2,FALSE),J56,"")) | L56: 335 | M56: =IF($C56>VLOOKUP(FurnaceDesired,$B$6:$C$85,2,FALSE),"",IF($C56>VLOOKUP(FurnaceCurrent,$B$6:$C$85,2,FALSE),L56,"")) | O56: =IF($C56>VLOOKUP(FurnaceDesired,$B$6:$C$85,2,FALSE),"",IF($C56>VLOOKUP(FurnaceCurrent,$B$6:$C$85,2,FALSE),N56,"")) | Q56: 14 | U56: =T56+S56*60+R56*60*60+Q56*60*60*24 -> 1209600 | V56: =IF($C56>VLOOKUP(FurnaceDesired,$B$6:$C$85,2,FALSE),"",IF($C56>VLOOKUP(FurnaceCurrent,$B$6:$C$85,2,FALSE),U56,"")) | X56: 1 | Y56: 3 | Z56: FC4 | AA56: 6 | AB56: FC2 | AC56: 1 | AD56: 5 | AE56: FC4 | AF56: FC3 | AG56: 30 | AH56: 1 | AI56: 3
B57: FC4-2 | C57: 52 | D57: 84000000 | E57: =IF($C57>VLOOKUP(FurnaceDesired,$B$6:$C$85,2,FALSE),"",IF($C57>VLOOKUP(FurnaceCurrent,$B$6:$C$85,2,FALSE),D57,"")) | F57: 84000000 | G57: =IF($C57>VLOOKUP(FurnaceDesired,$B$6:$C$85,2,FALSE),"",IF($C57>VLOOKUP(FurnaceCurrent,$B$6:$C$85,2,FALSE),F57,"")) | H57: 16000000 | I57: =IF($C57>VLOOKUP(FurnaceDesired,$B$6:$C$85,2,FALSE),"",IF($C57>VLOOKUP(FurnaceCurrent,$B$6:$C$85,2,FALSE),H57,"")) | J57: 4200000 | K57: =IF($C57>VLOOKUP(FurnaceDesired,$B$6:$C$85,2,FALSE),"",IF($C57>VLOOKUP(FurnaceCurrent,$B$6:$C$85,2,FALSE),J57,"")) | L57: 335 | M57: =IF($C57>VLOOKUP(FurnaceDesired,$B$6:$C$85,2,FALSE),"",IF($C57>VLOOKUP(FurnaceCurrent,$B$6:$C$85,2,FALSE),L57,"")) | O57: =IF($C57>VLOOKUP(FurnaceDesired,$B$6:$C$85,2,FALSE),"",IF($C57>VLOOKUP(FurnaceCurrent,$B$6:$C$85,2,FALSE),N57,"")) | Q57: 14 | U57: =T57+S57*60+R57*60*60+Q57*60*60*24 -> 1209600 | V57: =IF($C57>VLOOKUP(FurnaceDesired,$B$6:$C$85,2,FALSE),"",IF($C57>VLOOKUP(FurnaceCurrent,$B$6:$C$85,2,FALSE),U57,"")) | X57: 1 | Y57: 3 | Z57: FC4 | AA57: 6 | AB57: FC2 | AC57: 1 | AD57: 5 | AE57: FC4 | AF57: FC3 | AG57: 30 | AH57: 1 | AI57: 3
B58: FC4-3 | C58: 53 | D58: 84000000 | E58: =IF($C58>VLOOKUP(FurnaceDesired,$B$6:$C$85,2,FALSE),"",IF($C58>VLOOKUP(FurnaceCurrent,$B$6:$C$85,2,FALSE),D58,"")) | F58: 84000000 | G58: =IF($C58>VLOOKUP(FurnaceDesired,$B$6:$C$85,2,FALSE),"",IF($C58>VLOOKUP(FurnaceCurrent,$B$6:$C$85,2,FALSE),F58,"")) | H58: 16000000 | I58: =IF($C58>VLOOKUP(FurnaceDesired,$B$6:$C$85,2,FALSE),"",IF($C58>VLOOKUP(FurnaceCurrent,$B$6:$C$85,2,FALSE),H58,"")) | J58: 4200000 | K58: =IF($C58>VLOOKUP(FurnaceDesired,$B$6:$C$85,2,FALSE),"",IF($C58>VLOOKUP(FurnaceCurrent,$B$6:$C$85,2,FALSE),J58,"")) | L58: 335 | M58: =IF($C58>VLOOKUP(FurnaceDesired,$B$6:$C$85,2,FALSE),"",IF($C58>VLOOKUP(FurnaceCurrent,$B$6:$C$85,2,FALSE),L58,"")) | O58: =IF($C58>VLOOKUP(FurnaceDesired,$B$6:$C$85,2,FALSE),"",IF($C58>VLOOKUP(FurnaceCurrent,$B$6:$C$85,2,FALSE),N58,"")) | Q58: 14 | U58: =T58+S58*60+R58*60*60+Q58*60*60*24 -> 1209600 | V58: =IF($C58>VLOOKUP(FurnaceDesired,$B$6:$C$85,2,FALSE),"",IF($C58>VLOOKUP(FurnaceCurrent,$B$6:$C$85,2,FALSE),U58,"")) | X58: 1 | Y58: 3 | Z58: FC4 | AA58: 6 | AB58: FC2 | AC58: 1 | AD58: 5 | AE58: FC4 | AF58: FC3 | AG58: 30 | AH58: 1 | AI58: 3
B59: FC4-4 | C59: 54 | D59: 84000000 | E59: =IF($C59>VLOOKUP(FurnaceDesired,$B$6:$C$85,2,FALSE),"",IF($C59>VLOOKUP(FurnaceCurrent,$B$6:$C$85,2,FALSE),D59,"")) | F59: 84000000 | G59: =IF($C59>VLOOKUP(FurnaceDesired,$B$6:$C$85,2,FALSE),"",IF($C59>VLOOKUP(FurnaceCurrent,$B$6:$C$85,2,FALSE),F59,"")) | H59: 16000000 | I59: =IF($C59>VLOOKUP(FurnaceDesired,$B$6:$C$85,2,FALSE),"",IF($C59>VLOOKUP(FurnaceCurrent,$B$6:$C$85,2,FALSE),H59,"")) | J59: 4200000 | K59: =IF($C59>VLOOKUP(FurnaceDesired,$B$6:$C$85,2,FALSE),"",IF($C59>VLOOKUP(FurnaceCurrent,$B$6:$C$85,2,FALSE),J59,"")) | L59: 335 | M59: =IF($C59>VLOOKUP(FurnaceDesired,$B$6:$C$85,2,FALSE),"",IF($C59>VLOOKUP(FurnaceCurrent,$B$6:$C$85,2,FALSE),L59,"")) | O59: =IF($C59>VLOOKUP(FurnaceDesired,$B$6:$C$85,2,FALSE),"",IF($C59>VLOOKUP(FurnaceCurrent,$B$6:$C$85,2,FALSE),N59,"")) | Q59: 14 | U59: =T59+S59*60+R59*60*60+Q59*60*60*24 -> 1209600 | V59: =IF($C59>VLOOKUP(FurnaceDesired,$B$6:$C$85,2,FALSE),"",IF($C59>VLOOKUP(FurnaceCurrent,$B$6:$C$85,2,FALSE),U59,"")) | X59: 1 | Y59: 3 | Z59: FC4 | AA59: 6 | AB59: FC2 | AC59: 1 | AD59: 5 | AE59: FC4 | AF59: FC3 | AG59: 30 | AH59: 1 | AI59: 3
B60: FC5 | C60: 55 | D60: 84000000 | E60: =IF($C60>VLOOKUP(FurnaceDesired,$B$6:$C$85,2,FALSE),"",IF($C60>VLOOKUP(FurnaceCurrent,$B$6:$C$85,2,FALSE),D60,"")) | F60: 84000000 | G60: =IF($C60>VLOOKUP(FurnaceDesired,$B$6:$C$85,2,FALSE),"",IF($C60>VLOOKUP(FurnaceCurrent,$B$6:$C$85,2,FALSE),F60,"")) | H60: 16000000 | I60: =IF($C60>VLOOKUP(FurnaceDesired,$B$6:$C$85,2,FALSE),"",IF($C60>VLOOKUP(FurnaceCurrent,$B$6:$C$85,2,FALSE),H60,"")) | J60: 4200000 | K60: =IF($C60>VLOOKUP(FurnaceDesired,$B$6:$C$85,2,FALSE),"",IF($C60>VLOOKUP(FurnaceCurrent,$B$6:$C$85,2,FALSE),J60,"")) | L60: 335 | M60: =IF($C60>VLOOKUP(FurnaceDesired,$B$6:$C$85,2,FALSE),"",IF($C60>VLOOKUP(FurnaceCurrent,$B$6:$C$85,2,FALSE),L60,"")) | O60: =IF($C60>VLOOKUP(FurnaceDesired,$B$6:$C$85,2,FALSE),"",IF($C60>VLOOKUP(FurnaceCurrent,$B$6:$C$85,2,FALSE),N60,"")) | Q60: 14 | U60: =T60+S60*60+R60*60*60+Q60*60*60*24 -> 1209600 | V60: =IF($C60>VLOOKUP(FurnaceDesired,$B$6:$C$85,2,FALSE),"",IF($C60>VLOOKUP(FurnaceCurrent,$B$6:$C$85,2,FALSE),U60,"")) | X60: 1 | Y60: 3 | Z60: FC4 | AA60: 6 | AB60: FC2 | AC60: 1 | AD60: 5 | AE60: FC4 | AF60: FC3 | AG60: 30 | AH60: 1 | AI60: 3
B61: FC5-1 | C61: 56 | D61: 96000000 | E61: =IF($C61>VLOOKUP(FurnaceDesired,$B$6:$C$85,2,FALSE),"",IF($C61>VLOOKUP(FurnaceCurrent,$B$6:$C$85,2,FALSE),D61,"")) | F61: 96000000 | G61: =IF($C61>VLOOKUP(FurnaceDesired,$B$6:$C$85,2,FALSE),"",IF($C61>VLOOKUP(FurnaceCurrent,$B$6:$C$85,2,FALSE),F61,"")) | H61: 19000000 | I61: =IF($C61>VLOOKUP(FurnaceDesired,$B$6:$C$85,2,FALSE),"",IF($C61>VLOOKUP(FurnaceCurrent,$B$6:$C$85,2,FALSE),H61,"")) | J61: 4800000 | K61: =IF($C61>VLOOKUP(FurnaceDesired,$B$6:$C$85,2,FALSE),"",IF($C61>VLOOKUP(FurnaceCurrent,$B$6:$C$85,2,FALSE),J61,"")) | L61: 200 | M61: =IF($C61>VLOOKUP(FurnaceDesired,$B$6:$C$85,2,FALSE),"",IF($C61>VLOOKUP(FurnaceCurrent,$B$6:$C$85,2,FALSE),L61,"")) | N61: 10 | O61: =IF($C61>VLOOKUP(FurnaceDesired,$B$6:$C$85,2,FALSE),"",IF($C61>VLOOKUP(FurnaceCurrent,$B$6:$C$85,2,FALSE),N61,"")) | Q61: 15 | U61: =T61+S61*60+R61*60*60+Q61*60*60*24 -> 1296000 | V61: =IF($C61>VLOOKUP(FurnaceDesired,$B$6:$C$85,2,FALSE),"",IF($C61>VLOOKUP(FurnaceCurrent,$B$6:$C$85,2,FALSE),U61,"")) | X61: 1 | Y61: 3 | Z61: FC5 | AA61: 6 | AB61: FC5 | AC61: 1 | AD61: 5 | AE61: FC4 | AF61: FC3 | AG61: 30 | AH61: 1 | AI61: 3
B62: FC5-2 | C62: 57 | D62: 96000000 | E62: =IF($C62>VLOOKUP(FurnaceDesired,$B$6:$C$85,2,FALSE),"",IF($C62>VLOOKUP(FurnaceCurrent,$B$6:$C$85,2,FALSE),D62,"")) | F62: 96000000 | G62: =IF($C62>VLOOKUP(FurnaceDesired,$B$6:$C$85,2,FALSE),"",IF($C62>VLOOKUP(FurnaceCurrent,$B$6:$C$85,2,FALSE),F62,"")) | H62: 19000000 | I62: =IF($C62>VLOOKUP(FurnaceDesired,$B$6:$C$85,2,FALSE),"",IF($C62>VLOOKUP(FurnaceCurrent,$B$6:$C$85,2,FALSE),H62,"")) | J62: 4800000 | K62: =IF($C62>VLOOKUP(FurnaceDesired,$B$6:$C$85,2,FALSE),"",IF($C62>VLOOKUP(FurnaceCurrent,$B$6:$C$85,2,FALSE),J62,"")) | L62: 200 | M62: =IF($C62>VLOOKUP(FurnaceDesired,$B$6:$C$85,2,FALSE),"",IF($C62>VLOOKUP(FurnaceCurrent,$B$6:$C$85,2,FALSE),L62,"")) | N62: 10 | O62: =IF($C62>VLOOKUP(FurnaceDesired,$B$6:$C$85,2,FALSE),"",IF($C62>VLOOKUP(FurnaceCurrent,$B$6:$C$85,2,FALSE),N62,"")) | Q62: 15 | U62: =T62+S62*60+R62*60*60+Q62*60*60*24 -> 1296000 | V62: =IF($C62>VLOOKUP(FurnaceDesired,$B$6:$C$85,2,FALSE),"",IF($C62>VLOOKUP(FurnaceCurrent,$B$6:$C$85,2,FALSE),U62,"")) | X62: 1 | Y62: 3 | Z62: FC5 | AA62: 6 | AB62: FC5 | AC62: 1 | AD62: 5 | AE62: FC4 | AF62: FC3 | AG62: 30 | AH62: 1 | AI62: 3
B63: FC5-3 | C63: 58 | D63: 96000000 | E63: =IF($C63>VLOOKUP(FurnaceDesired,$B$6:$C$85,2,FALSE),"",IF($C63>VLOOKUP(FurnaceCurrent,$B$6:$C$85,2,FALSE),D63,"")) | F63: 96000000 | G63: =IF($C63>VLOOKUP(FurnaceDesired,$B$6:$C$85,2,FALSE),"",IF($C63>VLOOKUP(FurnaceCurrent,$B$6:$C$85,2,FALSE),F63,"")) | H63: 19000000 | I63: =IF($C63>VLOOKUP(FurnaceDesired,$B$6:$C$85,2,FALSE),"",IF($C63>VLOOKUP(FurnaceCurrent,$B$6:$C$85,2,FALSE),H63,"")) | J63: 4800000 | K63: =IF($C63>VLOOKUP(FurnaceDesired,$B$6:$C$85,2,FALSE),"",IF($C63>VLOOKUP(FurnaceCurrent,$B$6:$C$85,2,FALSE),J63,"")) | L63: 200 | M63: =IF($C63>VLOOKUP(FurnaceDesired,$B$6:$C$85,2,FALSE),"",IF($C63>VLOOKUP(FurnaceCurrent,$B$6:$C$85,2,FALSE),L63,"")) | N63: 10 | O63: =IF($C63>VLOOKUP(FurnaceDesired,$B$6:$C$85,2,FALSE),"",IF($C63>VLOOKUP(FurnaceCurrent,$B$6:$C$85,2,FALSE),N63,"")) | Q63: 15 | U63: =T63+S63*60+R63*60*60+Q63*60*60*24 -> 1296000 | V63: =IF($C63>VLOOKUP(FurnaceDesired,$B$6:$C$85,2,FALSE),"",IF($C63>VLOOKUP(FurnaceCurrent,$B$6:$C$85,2,FALSE),U63,"")) | X63: 1 | Y63: 3 | Z63: FC5 | AA63: 6 | AB63: FC5 | AC63: 1 | AD63: 5 | AE63: FC4 | AF63: FC3 | AG63: 30 | AH63: 1 | AI63: 3
B64: FC5-4 | C64: 59 | D64: 96000000 | E64: =IF($C64>VLOOKUP(FurnaceDesired,$B$6:$C$85,2,FALSE),"",IF($C64>VLOOKUP(FurnaceCurrent,$B$6:$C$85,2,FALSE),D64,"")) | F64: 96000000 | G64: =IF($C64>VLOOKUP(FurnaceDesired,$B$6:$C$85,2,FALSE),"",IF($C64>VLOOKUP(FurnaceCurrent,$B$6:$C$85,2,FALSE),F64,"")) | H64: 19000000 | I64: =IF($C64>VLOOKUP(FurnaceDesired,$B$6:$C$85,2,FALSE),"",IF($C64>VLOOKUP(FurnaceCurrent,$B$6:$C$85,2,FALSE),H64,"")) | J64: 4800000 | K64: =IF($C64>VLOOKUP(FurnaceDesired,$B$6:$C$85,2,FALSE),"",IF($C64>VLOOKUP(FurnaceCurrent,$B$6:$C$85,2,FALSE),J64,"")) | L64: 200 | M64: =IF($C64>VLOOKUP(FurnaceDesired,$B$6:$C$85,2,FALSE),"",IF($C64>VLOOKUP(FurnaceCurrent,$B$6:$C$85,2,FALSE),L64,"")) | N64: 10 | O64: =IF($C64>VLOOKUP(FurnaceDesired,$B$6:$C$85,2,FALSE),"",IF($C64>VLOOKUP(FurnaceCurrent,$B$6:$C$85,2,FALSE),N64,"")) | Q64: 15 | U64: =T64+S64*60+R64*60*60+Q64*60*60*24 -> 1296000 | V64: =IF($C64>VLOOKUP(FurnaceDesired,$B$6:$C$85,2,FALSE),"",IF($C64>VLOOKUP(FurnaceCurrent,$B$6:$C$85,2,FALSE),U64,"")) | X64: 1 | Y64: 3 | Z64: FC5 | AA64: 6 | AB64: FC5 | AC64: 1 | AD64: 5 | AE64: FC4 | AF64: FC3 | AG64: 30 | AH64: 1 | AI64: 3
B65: FC6 | C65: 60 | D65: 96000000 | E65: =IF($C65>VLOOKUP(FurnaceDesired,$B$6:$C$85,2,FALSE),"",IF($C65>VLOOKUP(FurnaceCurrent,$B$6:$C$85,2,FALSE),D65,"")) | F65: 96000000 | G65: =IF($C65>VLOOKUP(FurnaceDesired,$B$6:$C$85,2,FALSE),"",IF($C65>VLOOKUP(FurnaceCurrent,$B$6:$C$85,2,FALSE),F65,"")) | H65: 19000000 | I65: =IF($C65>VLOOKUP(FurnaceDesired,$B$6:$C$85,2,FALSE),"",IF($C65>VLOOKUP(FurnaceCurrent,$B$6:$C$85,2,FALSE),H65,"")) | J65: 4800000 | K65: =IF($C65>VLOOKUP(FurnaceDesired,$B$6:$C$85,2,FALSE),"",IF($C65>VLOOKUP(FurnaceCurrent,$B$6:$C$85,2,FALSE),J65,"")) | L65: 100 | M65: =IF($C65>VLOOKUP(FurnaceDesired,$B$6:$C$85,2,FALSE),"",IF($C65>VLOOKUP(FurnaceCurrent,$B$6:$C$85,2,FALSE),L65,"")) | N65: 20 | O65: =IF($C65>VLOOKUP(FurnaceDesired,$B$6:$C$85,2,FALSE),"",IF($C65>VLOOKUP(FurnaceCurrent,$B$6:$C$85,2,FALSE),N65,"")) | Q65: 15 | U65: =T65+S65*60+R65*60*60+Q65*60*60*24 -> 1296000 | V65: =IF($C65>VLOOKUP(FurnaceDesired,$B$6:$C$85,2,FALSE),"",IF($C65>VLOOKUP(FurnaceCurrent,$B$6:$C$85,2,FALSE),U65,"")) | X65: 1 | Y65: 3 | Z65: FC5 | AA65: 6 | AB65: FC5 | AC65: 1 | AD65: 5 | AE65: FC4 | AF65: FC3 | AG65: 30 | AH65: 1 | AI65: 3
B66: FC6-1 | C66: 61 | D66: 100000000 | E66: =IF($C66>VLOOKUP(FurnaceDesired,$B$6:$C$85,2,FALSE),"",IF($C66>VLOOKUP(FurnaceCurrent,$B$6:$C$85,2,FALSE),D66,"")) | F66: 100000000 | G66: =IF($C66>VLOOKUP(FurnaceDesired,$B$6:$C$85,2,FALSE),"",IF($C66>VLOOKUP(FurnaceCurrent,$B$6:$C$85,2,FALSE),F66,"")) | H66: 21000000 | I66: =IF($C66>VLOOKUP(FurnaceDesired,$B$6:$C$85,2,FALSE),"",IF($C66>VLOOKUP(FurnaceCurrent,$B$6:$C$85,2,FALSE),H66,"")) | J66: 5400000 | K66: =IF($C66>VLOOKUP(FurnaceDesired,$B$6:$C$85,2,FALSE),"",IF($C66>VLOOKUP(FurnaceCurrent,$B$6:$C$85,2,FALSE),J66,"")) | L66: 240 | M66: =IF($C66>VLOOKUP(FurnaceDesired,$B$6:$C$85,2,FALSE),"",IF($C66>VLOOKUP(FurnaceCurrent,$B$6:$C$85,2,FALSE),L66,"")) | N66: 15 | O66: =IF($C66>VLOOKUP(FurnaceDesired,$B$6:$C$85,2,FALSE),"",IF($C66>VLOOKUP(FurnaceCurrent,$B$6:$C$85,2,FALSE),N66,"")) | Q66: 18 | U66: =T66+S66*60+R66*60*60+Q66*60*60*24 -> 1555200 | V66: =IF($C66>VLOOKUP(FurnaceDesired,$B$6:$C$85,2,FALSE),"",IF($C66>VLOOKUP(FurnaceCurrent,$B$6:$C$85,2,FALSE),U66,"")) | X66: 1 | Y66: 3 | Z66: FC6 | AA66: 6 | AB66: FC5 | AC66: 1 | AD66: 5 | AE66: FC4 | AF66: FC6 | AG66: 30 | AH66: 1 | AI66: 3
B67: FC6-2 | C67: 62 | D67: 100000000 | E67: =IF($C67>VLOOKUP(FurnaceDesired,$B$6:$C$85,2,FALSE),"",IF($C67>VLOOKUP(FurnaceCurrent,$B$6:$C$85,2,FALSE),D67,"")) | F67: 100000000 | G67: =IF($C67>VLOOKUP(FurnaceDesired,$B$6:$C$85,2,FALSE),"",IF($C67>VLOOKUP(FurnaceCurrent,$B$6:$C$85,2,FALSE),F67,"")) | H67: 21000000 | I67: =IF($C67>VLOOKUP(FurnaceDesired,$B$6:$C$85,2,FALSE),"",IF($C67>VLOOKUP(FurnaceCurrent,$B$6:$C$85,2,FALSE),H67,"")) | J67: 5400000 | K67: =IF($C67>VLOOKUP(FurnaceDesired,$B$6:$C$85,2,FALSE),"",IF($C67>VLOOKUP(FurnaceCurrent,$B$6:$C$85,2,FALSE),J67,"")) | L67: 240 | M67: =IF($C67>VLOOKUP(FurnaceDesired,$B$6:$C$85,2,FALSE),"",IF($C67>VLOOKUP(FurnaceCurrent,$B$6:$C$85,2,FALSE),L67,"")) | N67: 15 | O67: =IF($C67>VLOOKUP(FurnaceDesired,$B$6:$C$85,2,FALSE),"",IF($C67>VLOOKUP(FurnaceCurrent,$B$6:$C$85,2,FALSE),N67,"")) | Q67: 18 | U67: =T67+S67*60+R67*60*60+Q67*60*60*24 -> 1555200 | V67: =IF($C67>VLOOKUP(FurnaceDesired,$B$6:$C$85,2,FALSE),"",IF($C67>VLOOKUP(FurnaceCurrent,$B$6:$C$85,2,FALSE),U67,"")) | X67: 1 | Y67: 3 | Z67: FC6 | AA67: 6 | AB67: FC5 | AC67: 1 | AD67: 5 | AE67: FC4 | AF67: FC6 | AG67: 30 | AH67: 1 | AI67: 3
B68: FC6-3 | C68: 63 | D68: 100000000 | E68: =IF($C68>VLOOKUP(FurnaceDesired,$B$6:$C$85,2,FALSE),"",IF($C68>VLOOKUP(FurnaceCurrent,$B$6:$C$85,2,FALSE),D68,"")) | F68: 100000000 | G68: =IF($C68>VLOOKUP(FurnaceDesired,$B$6:$C$85,2,FALSE),"",IF($C68>VLOOKUP(FurnaceCurrent,$B$6:$C$85,2,FALSE),F68,"")) | H68: 21000000 | I68: =IF($C68>VLOOKUP(FurnaceDesired,$B$6:$C$85,2,FALSE),"",IF($C68>VLOOKUP(FurnaceCurrent,$B$6:$C$85,2,FALSE),H68,"")) | J68: 5400000 | K68: =IF($C68>VLOOKUP(FurnaceDesired,$B$6:$C$85,2,FALSE),"",IF($C68>VLOOKUP(FurnaceCurrent,$B$6:$C$85,2,FALSE),J68,"")) | L68: 240 | M68: =IF($C68>VLOOKUP(FurnaceDesired,$B$6:$C$85,2,FALSE),"",IF($C68>VLOOKUP(FurnaceCurrent,$B$6:$C$85,2,FALSE),L68,"")) | N68: 15 | O68: =IF($C68>VLOOKUP(FurnaceDesired,$B$6:$C$85,2,FALSE),"",IF($C68>VLOOKUP(FurnaceCurrent,$B$6:$C$85,2,FALSE),N68,"")) | Q68: 18 | U68: =T68+S68*60+R68*60*60+Q68*60*60*24 -> 1555200 | V68: =IF($C68>VLOOKUP(FurnaceDesired,$B$6:$C$85,2,FALSE),"",IF($C68>VLOOKUP(FurnaceCurrent,$B$6:$C$85,2,FALSE),U68,"")) | X68: 1 | Y68: 3 | Z68: FC6 | AA68: 6 | AB68: FC5 | AC68: 1 | AD68: 5 | AE68: FC4 | AF68: FC6 | AG68: 30 | AH68: 1 | AI68: 3
B69: FC6-4 | C69: 64 | D69: 100000000 | E69: =IF($C69>VLOOKUP(FurnaceDesired,$B$6:$C$85,2,FALSE),"",IF($C69>VLOOKUP(FurnaceCurrent,$B$6:$C$85,2,FALSE),D69,"")) | F69: 100000000 | G69: =IF($C69>VLOOKUP(FurnaceDesired,$B$6:$C$85,2,FALSE),"",IF($C69>VLOOKUP(FurnaceCurrent,$B$6:$C$85,2,FALSE),F69,"")) | H69: 21000000 | I69: =IF($C69>VLOOKUP(FurnaceDesired,$B$6:$C$85,2,FALSE),"",IF($C69>VLOOKUP(FurnaceCurrent,$B$6:$C$85,2,FALSE),H69,"")) | J69: 5400000 | K69: =IF($C69>VLOOKUP(FurnaceDesired,$B$6:$C$85,2,FALSE),"",IF($C69>VLOOKUP(FurnaceCurrent,$B$6:$C$85,2,FALSE),J69,"")) | L69: 240 | M69: =IF($C69>VLOOKUP(FurnaceDesired,$B$6:$C$85,2,FALSE),"",IF($C69>VLOOKUP(FurnaceCurrent,$B$6:$C$85,2,FALSE),L69,"")) | N69: 15 | O69: =IF($C69>VLOOKUP(FurnaceDesired,$B$6:$C$85,2,FALSE),"",IF($C69>VLOOKUP(FurnaceCurrent,$B$6:$C$85,2,FALSE),N69,"")) | Q69: 18 | U69: =T69+S69*60+R69*60*60+Q69*60*60*24 -> 1555200 | V69: =IF($C69>VLOOKUP(FurnaceDesired,$B$6:$C$85,2,FALSE),"",IF($C69>VLOOKUP(FurnaceCurrent,$B$6:$C$85,2,FALSE),U69,"")) | X69: 1 | Y69: 3 | Z69: FC6 | AA69: 6 | AB69: FC5 | AC69: 1 | AD69: 5 | AE69: FC4 | AF69: FC6 | AG69: 30 | AH69: 1 | AI69: 3
B70: FC7 | C70: 65 | D70: 100000000 | E70: =IF($C70>VLOOKUP(FurnaceDesired,$B$6:$C$85,2,FALSE),"",IF($C70>VLOOKUP(FurnaceCurrent,$B$6:$C$85,2,FALSE),D70,"")) | F70: 100000000 | G70: =IF($C70>VLOOKUP(FurnaceDesired,$B$6:$C$85,2,FALSE),"",IF($C70>VLOOKUP(FurnaceCurrent,$B$6:$C$85,2,FALSE),F70,"")) | H70: 21000000 | I70: =IF($C70>VLOOKUP(FurnaceDesired,$B$6:$C$85,2,FALSE),"",IF($C70>VLOOKUP(FurnaceCurrent,$B$6:$C$85,2,FALSE),H70,"")) | J70: 5400000 | K70: =IF($C70>VLOOKUP(FurnaceDesired,$B$6:$C$85,2,FALSE),"",IF($C70>VLOOKUP(FurnaceCurrent,$B$6:$C$85,2,FALSE),J70,"")) | L70: 120 | M70: =IF($C70>VLOOKUP(FurnaceDesired,$B$6:$C$85,2,FALSE),"",IF($C70>VLOOKUP(FurnaceCurrent,$B$6:$C$85,2,FALSE),L70,"")) | N70: 30 | O70: =IF($C70>VLOOKUP(FurnaceDesired,$B$6:$C$85,2,FALSE),"",IF($C70>VLOOKUP(FurnaceCurrent,$B$6:$C$85,2,FALSE),N70,"")) | Q70: 18 | U70: =T70+S70*60+R70*60*60+Q70*60*60*24 -> 1555200 | V70: =IF($C70>VLOOKUP(FurnaceDesired,$B$6:$C$85,2,FALSE),"",IF($C70>VLOOKUP(FurnaceCurrent,$B$6:$C$85,2,FALSE),U70,"")) | X70: 1 | Y70: 3 | Z70: FC6 | AA70: 6 | AB70: FC5 | AC70: 1 | AD70: 5 | AE70: FC4 | AF70: FC6 | AG70: 30 | AH70: 1 | AI70: 3
B71: FC7-1 | C71: 66 | D71: 130000000 | E71: =IF($C71>VLOOKUP(FurnaceDesired,$B$6:$C$85,2,FALSE),"",IF($C71>VLOOKUP(FurnaceCurrent,$B$6:$C$85,2,FALSE),D71,"")) | F71: 130000000 | G71: =IF($C71>VLOOKUP(FurnaceDesired,$B$6:$C$85,2,FALSE),"",IF($C71>VLOOKUP(FurnaceCurrent,$B$6:$C$85,2,FALSE),F71,"")) | H71: 26000000 | I71: =IF($C71>VLOOKUP(FurnaceDesired,$B$6:$C$85,2,FALSE),"",IF($C71>VLOOKUP(FurnaceCurrent,$B$6:$C$85,2,FALSE),H71,"")) | J71: 6600000 | K71: =IF($C71>VLOOKUP(FurnaceDesired,$B$6:$C$85,2,FALSE),"",IF($C71>VLOOKUP(FurnaceCurrent,$B$6:$C$85,2,FALSE),J71,"")) | L71: 240 | M71: =IF($C71>VLOOKUP(FurnaceDesired,$B$6:$C$85,2,FALSE),"",IF($C71>VLOOKUP(FurnaceCurrent,$B$6:$C$85,2,FALSE),L71,"")) | N71: 20 | O71: =IF($C71>VLOOKUP(FurnaceDesired,$B$6:$C$85,2,FALSE),"",IF($C71>VLOOKUP(FurnaceCurrent,$B$6:$C$85,2,FALSE),N71,"")) | Q71: 20 | U71: =T71+S71*60+R71*60*60+Q71*60*60*24 -> 1728000 | V71: =IF($C71>VLOOKUP(FurnaceDesired,$B$6:$C$85,2,FALSE),"",IF($C71>VLOOKUP(FurnaceCurrent,$B$6:$C$85,2,FALSE),U71,"")) | X71: 1 | Y71: 3 | Z71: FC7 | AA71: 6 | AB71: FC5 | AC71: 1 | AD71: 5 | AE71: FC7 | AF71: FC6 | AG71: 30 | AH71: 1 | AI71: 3
B72: FC7-2 | C72: 67 | D72: 130000000 | E72: =IF($C72>VLOOKUP(FurnaceDesired,$B$6:$C$85,2,FALSE),"",IF($C72>VLOOKUP(FurnaceCurrent,$B$6:$C$85,2,FALSE),D72,"")) | F72: 130000000 | G72: =IF($C72>VLOOKUP(FurnaceDesired,$B$6:$C$85,2,FALSE),"",IF($C72>VLOOKUP(FurnaceCurrent,$B$6:$C$85,2,FALSE),F72,"")) | H72: 26000000 | I72: =IF($C72>VLOOKUP(FurnaceDesired,$B$6:$C$85,2,FALSE),"",IF($C72>VLOOKUP(FurnaceCurrent,$B$6:$C$85,2,FALSE),H72,"")) | J72: 6600000 | K72: =IF($C72>VLOOKUP(FurnaceDesired,$B$6:$C$85,2,FALSE),"",IF($C72>VLOOKUP(FurnaceCurrent,$B$6:$C$85,2,FALSE),J72,"")) | L72: 240 | M72: =IF($C72>VLOOKUP(FurnaceDesired,$B$6:$C$85,2,FALSE),"",IF($C72>VLOOKUP(FurnaceCurrent,$B$6:$C$85,2,FALSE),L72,"")) | N72: 20 | O72: =IF($C72>VLOOKUP(FurnaceDesired,$B$6:$C$85,2,FALSE),"",IF($C72>VLOOKUP(FurnaceCurrent,$B$6:$C$85,2,FALSE),N72,"")) | Q72: 20 | U72: =T72+S72*60+R72*60*60+Q72*60*60*24 -> 1728000 | V72: =IF($C72>VLOOKUP(FurnaceDesired,$B$6:$C$85,2,FALSE),"",IF($C72>VLOOKUP(FurnaceCurrent,$B$6:$C$85,2,FALSE),U72,"")) | X72: 1 | Y72: 3 | Z72: FC7 | AA72: 6 | AB72: FC5 | AC72: 1 | AD72: 5 | AE72: FC7 | AF72: FC6 | AG72: 30 | AH72: 1 | AI72: 3
... B85: FC10 | C85: 80 | D85: 160000000 | E85: =IF($C85>VLOOKUP(FurnaceDesired,$B$6:$C$85,2,FALSE),"",IF($C85>VLOOKUP(FurnaceCurrent,$B$6:$C$85,2,FALSE),D85,"")) | F85: 160000000 | G85: =IF($C85>VLOOKUP(FurnaceDesired,$B$6:$C$85,2,FALSE),"",IF($C85>VLOOKUP(FurnaceCurrent,$B$6:$C$85,2,FALSE),F85,"")) | H85: 33000000 | I85: =IF($C85>VLOOKUP(FurnaceDesired,$B$6:$C$85,2,FALSE),"",IF($C85>VLOOKUP(FurnaceCurrent,$B$6:$C$85,2,FALSE),H85,"")) | J85: 8400000 | K85: =IF($C85>VLOOKUP(FurnaceDesired,$B$6:$C$85,2,FALSE),"",IF($C85>VLOOKUP(FurnaceCurrent,$B$6:$C$85,2,FALSE),J85,"")) | L85: 175 | M85: =IF($C85>VLOOKUP(FurnaceDesired,$B$6:$C$85,2,FALSE),"",IF($C85>VLOOKUP(FurnaceCurrent,$B$6:$C$85,2,FALSE),L85,"")) | N85: 140 | O85: =IF($C85>VLOOKUP(FurnaceDesired,$B$6:$C$85,2,FALSE),"",IF($C85>VLOOKUP(FurnaceCurrent,$B$6:$C$85,2,FALSE),N85,"")) | Q85: 20 | U85: =T85+S85*60+R85*60*60+Q85*60*60*24 -> 1728000 | V85: =IF($C85>VLOOKUP(FurnaceDesired,$B$6:$C$85,2,FALSE),"",IF($C85>VLOOKUP(FurnaceCurrent,$B$6:$C$85,2,FALSE),U85,"")) | X85: 1 | Y85: 3 | Z85: FC9 | AA85: 6 | AB85: FC8 | AC85: 1 | AD85: 5 | AE85: FC7 | AF85: FC9 | AG85: 30 | AH85: 1 | AI85: 3
B87: Total | D87: =SUM(D6:D85) -> 6344100000 | E87: =SUM(E6:E85) -> 700000000 | F87: =SUM(F6:F85) -> 6345038385 | G87: =SUM(G6:G85) -> 700000000 | H87: =SUM(H6:H85) -> 1268107660 | I87: =SUM(I6:I85) -> 145000000 | J87: =SUM(J6:J85) -> 323135660 | K87: =SUM(K6:K85) -> 36000000 | ... V87: =SUM(V6:V85) -> 5616000
T89: Days | U89: =ROUNDDOWN(U87/60/60/24,0) -> 910 | V89: =ROUNDDOWN(V87/60/60/24,0) -> 65
T90: Hours | U90: =ROUNDDOWN((U87-U89*60*60*24)/60/60,0) -> 1 | V90: =ROUNDDOWN((V87-V89*60*60*24)/60/60,0) -> 0
T91: Minutes | U91: =ROUNDDOWN((U87-U89*60*60*24-U90*60*60)/60,0) -> 30 | V91: =ROUNDDOWN((V87-V89*60*60*24-V90*60*60)/60,0) -> 0
T92: Seconds | U92: =ROUNDDOWN((U87-U89*60*60*24-U90*60*60-U91*60),0) -> 6 | V92: =ROUNDDOWN((V87-V89*60*60*24-V90*60*60-V91*60),0) -> 0

Sheet Chief Gear & Charms
A1: (631) Zerethusta's Whiteout Survival Chief Gear & Charms Calculator
C5: Chief Gear Items | L5: Chief Charm Items
C6: Hardened Alloy | E6: Polishing Solution | G6: Design Plans | I6: Lunar Amber | L6: Charm Guides | N6: Charm Designs | P6: Charm Secrets
C7: 2000000 | E7: 15000 | G7: 3000 | I7: 150 | L7: 9000 | N7: 7500 | P7: 750
B9: Hat (Lancer) | O9: Watch (Lancer)
B10: Chief Gear | O10: Chief Gear
B11: Current | D11: Desired | O11: Current | Q11: Desired
B12: Mythic | D12: Mythic T1 | O12: Mythic | Q12: Mythic T1
C13: Charms | O13: Charms | U13: Uncommon
C14: Left | D14: Top | E14: Right | O14: Left | P14: Top | Q14: Right | U14: Rare
C15: Current | D15: Current | E15: Current | O15: Current | P15: Current | Q15: Current | U15: Epic
C16: 12 | D16: 12 | E16: 12 | O16: 12 | P16: 12 | Q16: 12 | U16: Mythic
C17: Desired | D17: Desired | E17: Desired | O17: Desired | P17: Desired | Q17: Desired | U17: Legendary
C18: 13 | D18: 13 | E18: 13
B19: Coat (Infantry) | O19: Pants (Infantry)
B20: Chief Gear | O20: Chief Gear
B21: Current | D21: Desired | O21: Current | Q21: Desired
B22: Mythic T1 | D22: Mythic T2 | O22: Legendary T3 (3-Star) | Q22: Legendary T4 (3-Star)
C23: Charms | O23: Charms
C24: Left | D24: Top | E24: Right | O24: Left | P24: Top | Q24: Right
C25: Current | D25: Current | E25: Current | O25: Current | P25: Current | Q25: Current
C26: 14 | D26: 14 | E26: 14 | O26: 14 | P26: 14 | Q26: 14
C27: Desired | D27: Desired | E27: Desired | O27: Desired | P27: Desired | Q27: Desired | T27: Chief Gear upgrades to T4 have been added, but are missing the SVS points. I will add when I find the data.
C28: 15 | D28: 15 | E28: 15 | O28: 15 | P28: 15 | Q28: 15
B29: Ring (Marksman) | O29: Cudgel (Marksman)
B30: Chief Gear | O30: Chief Gear
B31: Current | D31: Desired | O31: Current | Q31: Desired
B32: Mythic | D32: Mythic T2 | O32: Mythic | Q32: Mythic T2
C33: Charms | O33: Charms
C34: Left | D34: Top | E34: Right | O34: Left | P34: Top | Q34: Right | T34: Chief Power Gains
C35: Current | D35: Current | E35: Current | O35: Current | P35: Current | Q35: Current | T35: Gear | V35: Charms
C36: 13 | D36: 13 | E36: 13 | O36: 13 | P36: 13 | Q36: 13 | S36: Current | T36: ='New Chief Gear Data'!J125 -> 10730400 | V36: ='Charms Data'!K41 -> 31536000
C37: Desired | D37: Desired | E37: Desired | O37: Desired | P37: Desired | Q37: Desired | S37: Desired | T37: ='New Chief Gear Data'!K125 -> 13260000 | V37: =SUM('Charms Data'!L23:L40) -> 34776000
C38: 14 | D38: 14 | E38: 14 | O38: 14 | P38: 14 | Q38: 14 | S38: Increase | T38: =IFERROR(IF(T37>T36,T37-T36,"-"),"-") -> 2529600 | V38: =IFERROR(IF(V37>V36,V37-V36,"-"),"-") -> 3240000
S39: SVS Points | T39: ='New Chief Gear Data'!L125 -> 8523000 | V39: ='Charms Data'!M41*70 -> 20160000
C40: Chief Items Needed For Desired Upgrades
C41: Chief Gear | G41: Charms | K41: Chief Items from Exchange and Chests
C42: Hardened Alloy | D42: Polishing Solution | E42: Design Plans | F42: Lunar Amber | G42: Charm Guides | H42: Charm Designs | I42: Charm Secrets | K42: Enhancement Material Exchange | Q42: War Chant Custom Chests | W42: Chief Charm Material Exchange
L43: Excess Design Plans | N43: =E48 -> 490 | Q43: Quantity | S43: 287 | T43: Remaining | U43: =S43-SUM(T45:T47) -> 287 | W43: Exchange | Y43: Guides | Z43: Designs | AA43: Secrets | AB43: Notes
B44: Cost | C44: ='New Chief Gear Data'!F125 -> 1417000 | D44: ='New Chief Gear Data'!G125 -> 15030 | E44: ='New Chief Gear Data'!H125 -> 2510 | F44: ='New Chief Gear Data'!I125 -> 160 | G44: =NeededCharmGuides -> 8940 | H44: =NeededCharmDesigns -> 7350 | I44: =NeededCharmSecrets -> 780 | K44: Exchange For | M44: Multiplier | N44: Quantity | O44: Total | Q44: Contents | S44: Multiplier | T44: Quantity | U44: Total | W44: 2 Guides = 1 Design | Z44: =Y44/2 -> 0 | AB44: Max 500
B45: Available | C45: =C7 -> 2000000 | D45: =E7 -> 15000 | E45: =G7 -> 3000 | F45: =I7 -> 150 | G45: =L7 -> 9000 | H45: =N7 -> 7500 | I45: =P7 -> 750 | K45: Lunar Amber | M45: 0.1 | O45: =IF(MOD(N45,10)>0,"X10 Only",M45*N45) -> 0 | Q45: Design Plans | S45: 6 | U45: =T45*S45 -> 0 | W45: 2 Designs = 1 Guide | Y45: =Z45/2 -> 0 | AB45: Max 500
B46: Packs/Chests/Exchg | C46: =I53+I59+I66+I76+O47 -> 0 | D46: =I54+I60+I67+I77+O46 -> 0 | E46: =I57+I64+I68+I78+U45+Q79-N45-N46-N47 -> 0 | F46: =O45 -> 0 | G46: =Q53+Q57+Q61+Q67+U46-Y44-Y46+Y45+AC53+W59+Q75 -> 0 | H46: =Q54+Q58+Q62+Q69+U47-Z45-Z47+Z44+AC54+W60+Q77 -> 0 | I46: =SUM(AA46:AA47)+AC52 -> 0 | K46: Polishing Solution | M46: 3 | O46: =M46*N46 -> 0 | Q46: Charm Guides | S46: 4 | U46: =T46*S46 -> 0 | W46: 40 Guides = 1 Secret | AA46: =Y46/40 -> 0 | AB46: Max 50
B47: Needed | C47: =IF(C44-C45-C46>0,C44-C45-C46,"-") -> - | D47: =IF(D44-D45-D46>0,D44-D45-D46,"-") -> 30 | E47: =IF(E44-E45-E46>0,E44-E45-E46,"-") -> - | F47: =IFERROR(IF(F44-F45-F46>0,F44-F45-F46,"-"),"-") -> 10 | G47: =IF(G44-G45-G46>0,G44-G45-G46,"-") -> - | H47: =IF(H44-H45-H46>0,H44-H45-H46,"-") -> - | I47: =IF(I44-I45-I46>0,I44-I45-I46,"-") -> 30 | K47: Hardened Alloy | M47: 300 | O47: =M47*N47 -> 0 | Q47: Charm Designs | S47: 4 | U47: =T47*S47 -> 0 | W47: 40 Designs = 1 Secret | AA47: =Z47/40 -> 0 | AB47: Max 50
B48: Excess | C48: =IF(C46+C45-C44>0,C46+C45-C44,"-") -> 583000 | D48: =IF(D46+D45-D44>0,D46+D45-D44,"-") -> - | E48: =IF(E46+E45-E44>0,E46+E45-E44,"-") -> 490 | F48: =IFERROR(IF(F46+F45-F44>0,F46+F45-F44,"-"),"-") -> - | G48: =IF(G46+G45-G44>0,G46+G45-G44,"-") -> 60 | H48: =IF(H46+H45-H44>0,H46+H45-H44,"-") -> 150 | I48: =IF(I46+I45-I44>0,I46+I45-I44,"-") -> -
AB49: For How Many Weeks?
D50: Artisan's Trove (Chief Gear) Calculator | L50: Artisan's Trove (Charms) Calculator | U50: Charm Craftsman Value Pack | AB50: 1
D51: Sublime | L51: Sublime | U51: FALSE | V51: FALSE | W51: FALSE | X51: FALSE | Y51: # of 100 | AA51: Total | AC51: Total
D52: FALSE | E52: FALSE | F52: FALSE | G52: FALSE | H52: FALSE | I52: Total | L52: FALSE | M52: FALSE | N52: FALSE | O52: FALSE | P52: FALSE | Q52: Total | T52: Charm Secrets | U52: 2 | V52: =U52*2 -> 4 | W52: =U52*4 -> 8 | X52: =U52*10 -> 20 | Y52: =U52*20 -> 40 | Z52: =Y52*Z51 -> 0 | AA52: =IF($U$51=TRUE,U52,0)+IF($V$51=TRUE,V52,0)+IF($W$51=TRUE,W52,0)+IF($X$51=TRUE,X52,0)+IF($Z$51>0,Z52,0) -> 0 | AB52: =$AA52&" X "&$AB$50&IF(ISBLANK($AB$50),1,) -> 0 X 1 | AC52: =IF(ISBLANK($AB$50),1*$AA52,$AA52*$AB$50) -> 0
C53: Alloy | D53: 26000 | E53: =D53*2 -> 52000 | F53: =D53*4 -> 104000 | G53: =D53*10 -> 260000 | H53: =D53*20 -> 520000 | I53: =IF(D52=TRUE,D53,0)+IF(E52=TRUE,E53,0)+IF(F52=TRUE,F53,0)+IF(G52=TRUE,G53,0)+IF(H52=TRUE,H53,0) -> 0 | K53: Charm Guides | L53: 30 | M53: =L53*2 -> 60 | N53: =L53*4 -> 120 | O53: =L53*10 -> 300 | P53: =L53*20 -> 600 | Q53: =IF(L52=TRUE,L53,0)+IF(M52=TRUE,M53,0)+IF(N52=TRUE,N53,0)+IF(O52=TRUE,O53,0)+IF(P52=TRUE,P53,0) -> 0 | T53: Charm Guides | U53: 7 | V53: =U53*2 -> 14 | W53: =U53*4 -> 28 | X53: =U53*10 -> 70 | Y53: =U53*20 -> 140 | Z53: =Y53*Z51 -> 0 | AA53: =IF($U$51=TRUE,U53,0)+IF($V$51=TRUE,V53,0)+IF($W$51=TRUE,W53,0)+IF($X$51=TRUE,X53,0)+IF($Z$51>0,Z53,0) -> 0 | AB53: =$AA53&" X "&$AB$50&IF(ISBLANK($AB$50),1,) -> 0 X 1 | AC53: =IF(ISBLANK($AB$50),1*$AA53,$AA53*$AB$50) -> 0
C54: Polish | D54: 262 | E54: =D54*2 -> 524 | F54: =D54*4 -> 1048 | G54: =D54*10 -> 2620 | H54: =D54*20 -> 5240 | I54: =IF(D52=TRUE,D54,0)+IF(E52=TRUE,E54,0)+IF(F52=TRUE,F54,0)+IF(G52=TRUE,G54,0)+IF(H52=TRUE,H54,0) -> 0 | K54: Charm Designs | L54: 65 | M54: =L54*2 -> 130 | N54: =L54*4 -> 260 | O54: =L54*10 -> 650 | P54: =L54*20 -> 1300 | Q54: =IF(L52=TRUE,L54,0)+IF(M52=TRUE,M54,0)+IF(N52=TRUE,N54,0)+IF(O52=TRUE,O54,0)+IF(P52=TRUE,P54,0) -> 0 | T54: Charm Designs | U54: 7 | V54: =U54*2 -> 14 | W54: =U54*4 -> 28 | X54: =U54*10 -> 70 | Y54: =U54*20 -> 140 | Z54: =Y54*Z51 -> 0 | AA54: =IF($U$51=TRUE,U54,0)+IF($V$51=TRUE,V54,0)+IF($W$51=TRUE,W54,0)+IF($X$51=TRUE,X54,0)+IF($Z$51>0,Z54,0) -> 0 | AB54: =$AA54&" X "&$AB$50&IF(ISBLANK($AB$50),1,) -> 0 X 1 | AC54: =IF(ISBLANK($AB$50),1*$AA54,$AA54*$AB$50) -> 0
D55: Exquisite | L55: Exquisite
D56: FALSE | E56: FALSE | F56: FALSE | G56: FALSE | H56: FALSE | I56: Total | L56: FALSE | M56: FALSE | N56: FALSE | O56: FALSE | P56: FALSE | Q56: Total | U56: Charm Craftsman Pack
C57: Plans | D57: 29 | E57: =D57*2 -> 58 | F57: =D57*4 -> 116 | G57: =D57*10 -> 290 | H57: =D57*20 -> 580 | I57: =IF(D$56=TRUE,D57,0)+IF(E$56=TRUE,E57,0)+IF(F$56=TRUE,F57,0)+IF(G$56=TRUE,G57,0)+IF(H$56=TRUE,H57,0) -> 0 | K57: Charm Guides | L57: 65 | M57: =L57*2 -> 130 | N57: =L57*4 -> 260 | O57: =L57*10 -> 650 | P57: =L57*20 -> 1300 | Q57: =IF(L56=TRUE,L57,0)+IF(M56=TRUE,M57,0)+IF(N56=TRUE,N57,0)+IF(O56=TRUE,O57,0)+IF(P56=TRUE,P57,0) -> 0 | U57: Maximum 20 Per Day
C58: Chests | D58: 29 | E58: =D58*2 -> 58 | F58: =D58*4 -> 116 | G58: =D58*10 -> 290 | H58: =D58*20 -> 580 | K58: Charm Designs | L58: 30 | M58: =L58*2 -> 60 | N58: =L58*4 -> 120 | O58: =L58*10 -> 300 | P58: =L58*20 -> 600 | Q58: =IF(L56=TRUE,L58,0)+IF(M56=TRUE,M58,0)+IF(N56=TRUE,N58,0)+IF(O56=TRUE,O58,0)+IF(P56=TRUE,P58,0) -> 0 | U58: # of $5 | W58: Total
C59: Alloy | D59: =D58*400 -> 11600 | E59: =D59*2 -> 23200 | F59: =D59*4 -> 46400 | G59: =D59*10 -> 116000 | H59: =D59*20 -> 232000 | I59: =IF(D$56=TRUE,D59,0)+IF(E$56=TRUE,E59,0)+IF(F$56=TRUE,F59,0)+IF(G$56=TRUE,G59,0)+IF(H$56=TRUE,H59,0) -> 0 | L59: Classic | U59: Charm Guides | V59: 18 | W59: =V59*V58 -> 0
C60: Polish | D60: =D58*4 -> 116 | E60: =D60*2 -> 232 | F60: =D60*4 -> 464 | G60: =D60*10 -> 1160 | H60: =D60*20 -> 2320 | I60: =IF(D$56=TRUE,D60,0)+IF(E$56=TRUE,E60,0)+IF(F$56=TRUE,F60,0)+IF(G$56=TRUE,G60,0)+IF(H$56=TRUE,H60,0) -> 0 | L60: FALSE | M60: FALSE | N60: FALSE | O60: FALSE | P60: FALSE | Q60: Total | U60: Charm Designs | V60: 6 | W60: =V60*V58 -> 0
C61: Plans | D61: =D58 -> 29 | E61: =D61*2 -> 58 | F61: =D61*4 -> 116 | G61: =D61*10 -> 290 | H61: =D61*20 -> 580 | I61: =IF(D$56=TRUE,D61,0)+IF(E$56=TRUE,E61,0)+IF(F$56=TRUE,F61,0)+IF(G$56=TRUE,G61,0)+IF(H$56=TRUE,H61,0) -> 0 | K61: Charm Guides | L61: 48 | M61: =L61*2 -> 96 | N61: =L61*4 -> 192 | O61: =L61*10 -> 480 | P61: =L61*20 -> 960 | Q61: =IF(L60=TRUE,L61,0)+IF(M60=TRUE,M61,0)+IF(N60=TRUE,N61,0)+IF(O60=TRUE,O61,0)+IF(P60=TRUE,P61,0) -> 0
D62: Classic | K62: Charm Designs | L62: 48 | M62: =L62*2 -> 96 | N62: =L62*4 -> 192 | O62: =L62*10 -> 480 | P62: =L62*20 -> 960 | Q62: =IF(L60=TRUE,L62,0)+IF(M60=TRUE,M62,0)+IF(N60=TRUE,N62,0)+IF(O60=TRUE,O62,0)+IF(P60=TRUE,P62,0) -> 0
D63: FALSE | E63: FALSE | F63: FALSE | G63: FALSE | H63: FALSE | I63: Total
C64: Plans | D64: 60 | E64: =D64*2 -> 120 | F64: =D64*4 -> 240 | G64: =D64*10 -> 600 | H64: =D64*20 -> 1200 | I64: =IF(D$63=TRUE,D64,0)+IF(E$63=TRUE,E64,0)+IF(F$63=TRUE,F64,0)+IF(G$63=TRUE,G64,0)+IF(H$63=TRUE,H64,0) -> 0 | L64: Custom Artistry Chest
C65: Chests | D65: 18 | E65: =D65*2 -> 36 | F65: =D65*4 -> 72 | G65: =D65*10 -> 180 | H65: =D65*20 -> 360 | L65: 5 | M65: 10 | N65: 20 | O65: 50 | P65: 100
C66: Alloy | D66: =D65*400 -> 7200 | E66: =D66*2 -> 14400 | F66: =D66*4 -> 28800 | G66: =D66*10 -> 72000 | H66: =D66*20 -> 144000 | I66: =IF(D$63=TRUE,D66,0)+IF(E$63=TRUE,E66,0)+IF(F$63=TRUE,F66,0)+IF(G$63=TRUE,G66,0)+IF(H$63=TRUE,H66,0) -> 0 | J66: Charm Guides
C67: Polish | D67: =D65*4 -> 72 | E67: =D67*2 -> 144 | F67: =D67*4 -> 288 | G67: =D67*10 -> 720 | H67: =D67*20 -> 1440 | I67: =IF(D$63=TRUE,D67,0)+IF(E$63=TRUE,E67,0)+IF(F$63=TRUE,F67,0)+IF(G$63=TRUE,G67,0)+IF(H$63=TRUE,H67,0) -> 0 | L67: 24 | M67: =M$65/$L$65*$L$67 -> 48 | N67: =N$65/$L$65*$L$67 -> 96 | O67: =O$65/$L$65*$L$67 -> 240 | P67: =P$65/$L$65*$L$67 -> 480 | Q67: =L67*L66+M67*M66+N67*N66+O67*O66+P67*P66 -> 0
C68: Plans | D68: =D65 -> 18 | E68: =D68*2 -> 36 | F68: =D68*4 -> 72 | G68: =D68*10 -> 180 | H68: =D68*20 -> 360 | I68: =IF(D$63=TRUE,D68,0)+IF(E$63=TRUE,E68,0)+IF(F$63=TRUE,F68,0)+IF(G$63=TRUE,G68,0)+IF(H$63=TRUE,H68,0) -> 0 | J68: Charm Designs
D69: =IF(COUNTIFS(D52,TRUE,D56,TRUE,D63,TRUE)>1,"Too Many","") | L69: 26 | M69: =M$65/$L$65*$L$69 -> 52 | N69: =N$65/$L$65*$L$69 -> 104 | O69: =O$65/$L$65*$L$69 -> 260 | P69: =P$65/$L$65*$L$69 -> 520 | Q69: =L69*L68+M69*M68+N69*N68+O69*O68+P69*P68 -> 0
D70: Dawn Market Calculator | K70: Remaining | L70: =IF(L66+L68>3,"Too Many",3-(L66+L68)) -> 3 | M70: =IF(M66+M68>3,"Too Many",3-(M66+M68)) -> 3 | N70: =IF(N66+N68>3,"Too Many",3-(N66+N68)) -> 3 | O70: =IF(O66+O68>3,"Too Many",3-(O66+O68)) -> 3 | P70: =IF(P66+P68>3,"Too Many",3-(P66+P68)) -> 3
B71: Fire Crystals | D71: FALSE | E71: FALSE | F71: FALSE | G71: FALSE | H71: FALSE | I71: Total
D72: 52 | E72: =D72*2 -> 104 | F72: =D72*4 -> 208 | G72: =D72*10 -> 520 | H72: =D72*20 -> 1040 | I72: =IF(D71=TRUE,D72,0)+IF(E71=TRUE,E72,0)+IF(F71=TRUE,F72,0)+IF(G71=TRUE,G72,0)+IF(H71=TRUE,H72,0) -> 0 | L72: Wishful Emporium
B73: Essence Stones | D73: FALSE | E73: FALSE | F73: FALSE | G73: FALSE | H73: FALSE | I73: Total | L73: 5 | M73: 10 | N73: 20 | O73: 50 | P73: 100
D74: 33 | E74: =D74*2 -> 66 | F74: =D74*4 -> 132 | G74: =D74*10 -> 330 | H74: =D74*20 -> 660 | I74: =IF(D73=TRUE,D74,0)+IF(E73=TRUE,E74,0)+IF(F73=TRUE,F74,0)+IF(G73=TRUE,G74,0)+IF(H73=TRUE,H74,0) -> 0 | J74: Charm Guides
B75: Chief Gear | D75: FALSE | E75: FALSE | F75: FALSE | G75: FALSE | H75: FALSE | I75: Total | L75: 24 | M75: =M$73/$L$73*$L$77 -> 48 | N75: =N$73/$L$73*$L$77 -> 96 | O75: =O$73/$L$73*$L$77 -> 240 | P75: =P$73/$L$73*$L$77 -> 480 | Q75: =L75*L74+M75*M74+N75*N74+O75*O74+P75*P74 -> 0
C76: Alloy | D76: 13000 | E76: =D76*2 -> 26000 | F76: =D76*4 -> 52000 | G76: =D76*10 -> 130000 | H76: =D76*20 -> 260000 | I76: =IF($D$75=TRUE,D76,0)+IF($E$75=TRUE,E76,0)+IF($F$75=TRUE,F76,0)+IF($G$75=TRUE,G76,0)+IF($H$75=TRUE,H76,0) -> 0 | J76: Charm Designs
C77: Polish | D77: 130 | E77: =D77*2 -> 260 | F77: =D77*4 -> 520 | G77: =D77*10 -> 1300 | H77: =D77*20 -> 2600 | I77: =IF($D$75=TRUE,D77,0)+IF($E$75=TRUE,E77,0)+IF($F$75=TRUE,F77,0)+IF($G$75=TRUE,G77,0)+IF($H$75=TRUE,H77,0) -> 0 | L77: 24 | M77: =M$73/$L$73*$L$77 -> 48 | N77: =N$73/$L$73*$L$77 -> 96 | O77: =O$73/$L$73*$L$77 -> 240 | P77: =P$73/$L$73*$L$77 -> 480 | Q77: =L77*L76+M77*M76+N77*N76+O77*O76+P77*P76 -> 0
C78: Plans | D78: 50 | E78: =D78*2 -> 100 | F78: =D78*4 -> 200 | G78: =D78*10 -> 500 | H78: =D78*20 -> 1000 | I78: =IF($D$75=TRUE,D78,0)+IF($E$75=TRUE,E78,0)+IF($F$75=TRUE,F78,0)+IF($G$75=TRUE,G78,0)+IF($H$75=TRUE,H78,0) -> 0 | J78: Design Plans
B79: Hero Gear Chests | D79: FALSE | E79: FALSE | F79: FALSE | G79: FALSE | H79: FALSE | I79: Total | L79: 24 | M79: =M$73/$L$73*$L$79 -> 48 | N79: =N$73/$L$73*$L$79 -> 96 | O79: =O$73/$L$73*$L$79 -> 240 | P79: =P$73/$L$73*$L$79 -> 480 | Q79: =L79*L78+M79*M78+N79*N78+O79*O78+P79*P78 -> 0
D80: 10 | E80: =D80*2 -> 20 | F80: =D80*4 -> 40 | G80: =D80*10 -> 100 | H80: =D80*20 -> 200 | I80: =IF(D79=TRUE,D80,0)+IF(E79=TRUE,E80,0)+IF(F79=TRUE,F80,0)+IF(G79=TRUE,G80,0)+IF(H79=TRUE,H80,0) -> 0 | K80: Remaining | L80: =IF(L74+L76+L78>3,"Too Many",3-(L74+L76+L78)) -> 3 | M80: =IF(M74+M76+M78>3,"Too Many",3-(M74+M76+M78)) -> 3 | N80: =IF(N74+N76+N78>3,"Too Many",3-(N74+N76+N78)) -> 3 | O80: =IF(O74+O76+O78>3,"Too Many",3-(O74+O76+O78)) -> 3 | P80: =IF(P74+P76+P78>3,"Too Many",3-(P74+P76+P78)) -> 3

Sheet New Chief Gear Data
D3: Gear Level | E3: # | F3: Alloy | G3: Polish | H3: Plans | I3: Amber | J3: Power | K3: SvS Points
D4: Locked | E4: 1 | F4: 0 | G4: 0 | H4: 0 | I4: 0 | J4: 0 | K4: 0 | L4: Locked
B5: Uncommon | D5: Uncommon | E5: 2 | F5: 1500 | G5: 15 | H5: 0 | I5: 0 | J5: 224400 | K5: 1125 | L5: Uncommon
B6: Rare | D6: Uncommon (1-Star) | E6: 3 | F6: 3800 | G6: 40 | H6: 0 | I6: 0 | J6: 306000 | K6: 1875 | L6: Uncommon (1-Star)
B7: Epic | D7: Rare | E7: 4 | F7: 7000 | G7: 70 | H7: 0 | I7: 0 | J7: 408000 | K7: 3000 | L7: Rare
B8: Mythic | D8: Rare (1-Star) | E8: 5 | F8: 9700 | G8: 95 | H8: 0 | I8: 0 | J8: 510000 | K8: 4500 | L8: Rare (1-Star)
B9: Legendary | D9: Rare (2-Star) | E9: 6 | F9: 0 | G9: 0 | H9: 45 | I9: 0 | J9: 612000 | K9: 5100 | L9: Rare (2-Star)
D10: Rare (3-Star) | E10: 7 | F10: 0 | G10: 0 | H10: 50 | I10: 0 | J10: 714000 | K10: 5440 | L10: Rare (3-Star)
D11: Epic | E11: 8 | F11: 0 | G11: 0 | H11: 60 | I11: 0 | J11: 816000 | K11: 3230 | L11: Epic
D12: Epic (1-Star) | E12: 9 | F12: 0 | G12: 0 | H12: 70 | I12: 0 | J12: 885360 | K12: 3230 | L12: Epic (1-Star)
D13: Epic (2-Star) | E13: 10 | F13: 6500 | G13: 65 | H13: 40 | I13: 0 | J13: 954720 | K13: 3225 | L13: Epic (2-Star)
D14: Epic (3-Star) | E14: 11 | F14: 8000 | G14: 80 | H14: 50 | I14: 0 | J14: 1024080 | K14: 3225 | L14: Epic (3-Star)
D15: Epic T1 | E15: 12 | F15: 10000 | G15: 95 | H15: 60 | I15: 0 | J15: 1093440 | K15: 3440 | L15: Epic T1
D16: Epic T1 (1-Star) | E16: 13 | F16: 11000 | G16: 110 | H16: 70 | I16: 0 | J16: 1162800 | K16: 3440 | L16: Epic T1 (1-Star)
D17: Epic T1 (2-Star) | E17: 14 | F17: 13000 | G17: 130 | H17: 85 | I17: 0 | J17: 1232160 | K17: 4085 | L17: Epic T1 (2-Star)
D18: Epic T1 (3-Star) | E18: 15 | F18: 15000 | G18: 160 | H18: 100 | I18: 0 | J18: 1301520 | K18: 4085 | L18: Epic T1 (3-Star)
D19: Mythic | E19: 16 | F19: 22000 | G19: 220 | H19: 40 | I19: 0 | J19: 1362720 | K19: 6250 | L19: Mythic
D20: Mythic (1-Star) | E20: 17 | F20: 23000 | G20: 230 | H20: 40 | I20: 0 | J20: 1423920 | K20: 6250 | L20: Mythic (1-Star)
D21: Mythic (2-Star) | E21: 18 | F21: 25000 | G21: 250 | H21: 45 | I21: 0 | J21: 1485120 | K21: 6250 | L21: Mythic (2-Star)
... D31: Mythic T2 (3-Star Status: 1) | E31: 28 | F31: 12500 | G31: 132 | H31: 21 | I31: 2 | J31: 2065500 | K31: 2320 | L31: Mythic T2 (3-Star Status: 1)
D32: Mythic T2 (3-Star Status: 2) | E32: 29 | F32: 12500 | G32: 132 | H32: 21 | I32: 2 | J32: =J31+25500 -> 2091000 | K32: 2320 | L32: Mythic T2 (3-Star Status: 2)
D33: Mythic T2 (3-Star Status: 3) | E33: 30 | F33: 12500 | G33: 132 | H33: 21 | I33: 2 | J33: =J32+25500 -> 2116500 | K33: 2320 | L33: Mythic T2 (3-Star Status: 3)
D34: Legendary | E34: 31 | F34: 12500 | G34: 134 | H34: 22 | I34: 4 | J34: 2142000 | K34: 2600 | L34: Legendary
D35: Legendary (Status: 1) | E35: 32 | F35: 13000 | G35: 140 | H35: 22 | I35: 2 | J35: =J34+25500 -> 2167500 | K35: 2320 | L35: Legendary (Status: 1)
D36: Legendary (Status: 2) | E36: 33 | F36: 13000 | G36: 140 | H36: 22 | I36: 2 | J36: =J35+25500 -> 2193000 | K36: 2320 | L36: Legendary (Status: 2)
D37: Legendary (Status: 3) | E37: 34 | F37: 13000 | G37: 140 | H37: 22 | I37: 2 | J37: =J36+25500 -> 2218500 | K37: 2320 | L37: Legendary (Status: 3)
D38: Legendary (1-Star) | E38: 35 | F38: 13000 | G38: 140 | H38: 24 | I38: 4 | J38: 2244000 | K38: 2600 | L38: Legendary (1-Star)
D39: Legendary (1-Star Status: 1) | E39: 36 | F39: 13500 | G39: 147 | H39: 23 | I39: 2 | J39: =J38+25500 -> 2269500 | K39: 2310 | L39: Legendary (1-Star Status: 1)
D40: Legendary (1-Star Status: 2) | E40: 37 | F40: 13500 | G40: 147 | H40: 23 | I40: 2 | J40: =J39+25500 -> 2295000 | K40: 2310 | L40: Legendary (1-Star Status: 2)
D41: Legendary (1-Star Status: 3) | E41: 38 | F41: 13500 | G41: 147 | H41: 23 | I41: 2 | J41: =J40+25500 -> 2320500 | K41: 2310 | L41: Legendary (1-Star Status: 3)
D42: Legendary (2-Star) | E42: 39 | F42: 13500 | G42: 149 | H42: 26 | I42: 4 | J42: 2346000 | K42: 2630 | L42: Legendary (2-Star)
D43: Legendary (2-Star Status: 1) | E43: 40 | F43: 14000 | G43: 155 | H43: 25 | I43: 2 | J43: =J42+25500 -> 2371500 | K43: 2330 | L43: Legendary (2-Star Status: 1)
D44: Legendary (2-Star Status: 2) | E44: 41 | F44: 14000 | G44: 155 | H44: 25 | I44: 2 | J44: =J43+25500 -> 2397000 | K44: 2330 | L44: Legendary (2-Star Status: 2)
D45: Legendary (2-Star Status: 3) | E45: 42 | F45: 14000 | G45: 155 | H45: 25 | I45: 2 | J45: =J44+25500 -> 2422500 | K45: 2330 | L45: Legendary (2-Star Status: 3)
D46: Legendary (3-Star) | E46: 43 | F46: 14000 | G46: 155 | H46: 25 | I46: 4 | J46: 2448000 | K46: 2570 | L46: Legendary (3-Star)
D47: Legendary (3-Star Status: 1) | E47: 44 | F47: 14750 | G47: 167 | H47: 27 | I47: 3 | J47: =J46+25500 -> 2473500 | K47: 2300 | L47: Legendary (3-Star Status: 1)
D48: Legendary (3-Star Status: 2) | E48: 45 | F48: 14750 | G48: 167 | H48: 27 | I48: 3 | J48: =J47+25500 -> 2499000 | K48: 2300 | L48: Legendary (3-Star Status: 2)
D49: Legendary (3-Star Status: 3) | E49: 46 | F49: 14750 | G49: 167 | H49: 27 | I49: 3 | J49: =J48+25500 -> 2524500 | K49: 2300 | L49: Legendary (3-Star Status: 3)
D50: Legendary T1 | E50: 47 | F50: 14750 | G50: 169 | H50: 29 | I50: 6 | J50: 2550000 | K50: 2660 | L50: Legendary T1
D51: Legendary T1 (Status: 1) | E51: 48 | F51: 15250 | G51: 175 | H51: 28 | I51: 3 | J51: =J50+25500 -> 2575500 | K51: 2300 | L51: Legendary T1 (Status: 1)
D52: Legendary T1 (Status: 2) | E52: 49 | F52: 15250 | G52: 175 | H52: 28 | I52: 3 | J52: =J51+25500 -> 2601000 | K52: 2300 | L52: Legendary T1 (Status: 2)
D53: Legendary T1 (Status: 3) | E53: 50 | F53: 15250 | G53: 175 | H53: 28 | I53: 3 | J53: =J52+25500 -> 2626500 | K53: 2300 | L53: Legendary T1 (Status: 3)
D54: Legendary T1 (1-Star) | E54: 51 | F54: 15250 | G54: 175 | H54: 31 | I54: 6 | J54: 2652000 | K54: 2660 | L54: Legendary T1 (1-Star)
D55: Legendary T1 (1-Star Status: 1) | E55: 52 | F55: 15750 | G55: 182 | H55: 30 | I55: 3 | J55: =J54+25500 -> 2677500 | K55: 2320 | L55: Legendary T1 (1-Star Status: 1)
D56: Legendary T1 (1-Star Status: 2) | E56: 53 | F56: 15750 | G56: 182 | H56: 30 | I56: 3 | J56: =J55+25500 -> 2703000 | K56: 2320 | L56: Legendary T1 (1-Star Status: 2)
D57: Legendary T1 (1-Star Status: 3) | E57: 54 | F57: 15750 | G57: 182 | H57: 30 | I57: 3 | J57: =J56+25500 -> 2728500 | K57: 2320 | L57: Legendary T1 (1-Star Status: 3)
D58: Legendary T1 (2-Star) | E58: 55 | F58: 15750 | G58: 184 | H58: 30 | I58: 6 | J58: 2754000 | K58: 2600 | L58: Legendary T1 (2-Star)
D59: Legendary T1 (2-Star Status: 1) | E59: 56 | F59: 16250 | G59: 190 | H59: 31 | I59: 3 | J59: =J58+25500 -> 2779500 | K59: 2320 | L59: Legendary T1 (2-Star Status: 1)
D60: Legendary T1 (2-Star Status: 2) | E60: 57 | F60: 16250 | G60: 190 | H60: 31 | I60: 3 | J60: =J59+25500 -> 2805000 | K60: 2320 | L60: Legendary T1 (2-Star Status: 2)
D61: Legendary T1 (2-Star Status: 3) | E61: 58 | F61: 16250 | G61: 190 | H61: 31 | I61: 3 | J61: =J60+25500 -> 2830500 | K61: 2320 | L61: Legendary T1 (2-Star Status: 3)
D62: Legendary T1 (3-Star) | E62: 59 | F62: 16250 | G62: 190 | H62: 32 | I62: 6 | J62: 2856000 | K62: 2600 | L62: Legendary T1 (3-Star)
D63: Legendary T1 (3-Star Status: 1) | E63: 60 | F63: 17000 | G63: 202 | H63: 33 | I63: 5 | J63: =J62+25500 -> 2881500 | K63: 2370 | L63: Legendary T1 (3-Star Status: 1)
D64: Legendary T1 (3-Star Status: 2) | E64: 61 | F64: 17000 | G64: 202 | H64: 33 | I64: 5 | J64: =J63+25500 -> 2907000 | K64: 2370 | L64: Legendary T1 (3-Star Status: 2)
D65: Legendary T1 (3-Star Status: 3) | E65: 62 | F65: 17000 | G65: 202 | H65: 33 | I65: 5 | J65: =J64+25500 -> 2932500 | K65: 2370 | L65: Legendary T1 (3-Star Status: 3)
D66: Legendary T2 | E66: 63 | F66: 17000 | G66: 204 | H66: 36 | I66: 5 | J66: 2958000 | K66: 2450 | L66: Legendary T2
D67: Legendary T2 (Status: 1) | E67: 64 | F67: 17500 | G67: 210 | H67: 35 | I67: 5 | J67: =J66+25500 -> 2983500 | K67: 2390 | L67: Legendary T2 (Status: 1)
D68: Legendary T2 (Status: 2) | E68: 65 | F68: 17500 | G68: 210 | H68: 35 | I68: 5 | J68: =J67+25500 -> 3009000 | K68: 2390 | L68: Legendary T2 (Status: 2)
D69: Legendary T2 (Status: 3) | E69: 66 | F69: 17500 | G69: 210 | H69: 35 | I69: 5 | J69: =J68+25500 -> 3034500 | K69: 2390 | L69: Legendary T2 (Status: 3)
D70: Legendary T2 (1-Star) | E70: 67 | F70: 17500 | G70: 210 | H70: 35 | I70: 5 | J70: 3060000 | K70: 2390 | L70: Legendary T2 (1-Star)
D71: Legendary T2 (1-Star Status: 1) | E71: 68 | F71: 18000 | G71: 217 | H71: 36 | I71: 5 | J71: =J70+25500 -> 3085500 | K71: 2380 | L71: Legendary T2 (1-Star Status: 1)
D72: Legendary T2 (1-Star Status: 2) | E72: 69 | F72: 18000 | G72: 217 | H72: 36 | I72: 5 | J72: =J71+25500 -> 3111000 | K72: 2380 | L72: Legendary T2 (1-Star Status: 2)
D73: Legendary T2 (1-Star Status: 3) | E73: 70 | F73: 18000 | G73: 217 | H73: 36 | I73: 5 | J73: =J72+25500 -> 3136500 | K73: 2380 | L73: Legendary T2 (1-Star Status: 3)
D74: Legendary T2 (2-Star) | E74: 71 | F74: 18000 | G74: 219 | H74: 37 | I74: 5 | J74: 3162000 | K74: 2420 | L74: Legendary T2 (2-Star)
D75: Legendary T2 (2-Star Status: 1) | E75: 72 | F75: 18500 | G75: 225 | H75: 37 | I75: 5 | J75: =J74+25500 -> 3187500 | K75: 2380 | L75: Legendary T2 (2-Star Status: 1)
D76: Legendary T2 (2-Star Status: 2) | E76: 73 | F76: 18500 | G76: 225 | H76: 37 | I76: 5 | J76: =J75+25500 -> 3213000 | K76: 2380 | L76: Legendary T2 (2-Star Status: 2)
D77: Legendary T2 (2-Star Status: 3) | E77: 74 | F77: 18500 | G77: 225 | H77: 37 | I77: 5 | J77: =J76+25500 -> 3238500 | K77: 2380 | L77: Legendary T2 (2-Star Status: 3)
D78: Legendary T2 (3-Star) | E78: 75 | F78: 18500 | G78: 225 | H78: 39 | I78: 5 | J78: 3264000 | K78: 2420 | L78: Legendary T2 (3-Star)
D79: Legendary T2 (3-Star Status: 1) | E79: 76 | F79: 19250 | G79: 237 | H79: 40 | I79: 6 | J79: =J78+25500 -> 3289500 | K79: 2370 | L79: Legendary T2 (3-Star Status: 1)
D80: Legendary T2 (3-Star Status: 2) | E80: 77 | F80: 19250 | G80: 237 | H80: 40 | I80: 6 | J80: =J79+25500 -> 3315000 | K80: 2370 | L80: Legendary T2 (3-Star Status: 2)
D81: Legendary T2 (3-Star Status: 3) | E81: 78 | F81: 19250 | G81: 237 | H81: 40 | I81: 6 | J81: =J80+25500 -> 3340500 | K81: 2370 | L81: Legendary T2 (3-Star Status: 3)
D82: Legendary T3 | E82: 79 | F82: 19250 | G82: 239 | H82: 40 | I82: 7 | J82: 3366000 | K82: 2450 | L82: Legendary T3
D83: Legendary T3 (Status: 1) | E83: 80 | F83: 20000 | G83: 247 | H83: 41 | I83: 6 | J83: =J82+25500 -> 3391500 | K83: 2360 | L83: Legendary T3 (Status: 1)
D84: Legendary T3 (Status: 2) | E84: 81 | F84: 20000 | G84: 247 | H84: 41 | I84: 6 | J84: =J83+25500 -> 3417000 | K84: 2360 | L84: Legendary T3 (Status: 2)
D85: Legendary T3 (Status: 3) | E85: 82 | F85: 20000 | G85: 247 | H85: 41 | I85: 6 | J85: =J84+25500 -> 3442500 | K85: 2360 | L85: Legendary T3 (Status: 3)
D86: Legendary T3 (1-Star) | E86: 83 | F86: 20000 | G86: 249 | H86: 42 | I86: 7 | J86: 3468000 | K86: 2480 | L86: Legendary T3 (1-Star)
D87: Legendary T3 (1-Star Status: 1) | E87: 84 | F87: 20750 | G87: 257 | H87: 42 | I87: 6 | J87: =J86+25500 -> 3493500 | K87: 2360 | L87: Legendary T3 (1-Star Status: 1)
D88: Legendary T3 (1-Star Status: 2) | E88: 85 | F88: 20750 | G88: 257 | H88: 42 | I88: 6 | J88: =J87+25500 -> 3519000 | K88: 2360 | L88: Legendary T3 (1-Star Status: 2)
D89: Legendary T3 (1-Star Status: 3) | E89: 86 | F89: 20750 | G89: 257 | H89: 42 | I89: 6 | J89: =J88+25500 -> 3544500 | K89: 2360 | L89: Legendary T3 (1-Star Status: 3)
D90: Legendary T3 (2-Star) | E90: 87 | F90: 20750 | G90: 259 | H90: 44 | I90: 7 | J90: 3570000 | K90: 2480 | L90: Legendary T3 (2-Star)
D91: Legendary T3 (2-Star Status: 1) | E91: 88 | F91: 21500 | G91: 267 | H91: 45 | I91: 6 | J91: =J90+25500 -> 3595500 | K91: 2370 | L91: Legendary T3 (2-Star Status: 1)
D92: Legendary T3 (2-Star Status: 2) | E92: 89 | F92: 21500 | G92: 267 | H92: 45 | I92: 6 | J92: =J91+25500 -> 3621000 | K92: 2370 | L92: Legendary T3 (2-Star Status: 2)
D93: Legendary T3 (2-Star Status: 3) | E93: 90 | F93: 21500 | G93: 267 | H93: 45 | I93: 6 | J93: =J92+25500 -> 3646500 | K93: 2370 | L93: Legendary T3 (2-Star Status: 3)
D94: Legendary T3 (3-Star) | E94: 91 | F94: 21500 | G94: 269 | H94: 45 | I94: 7 | J94: 3672000 | K94: 2450 | L94: Legendary T3 (3-Star)
D95: Legendary T3 (3-Star Status: 1) | E95: 92 | F95: 24000 | G95: 300 | H95: 50 | I95: 8 | J95: 3712000 | K95: 3190 | L95: Legendary T3 (3-Star Status: 1)
D96: Legendary T3 (3-Star Status: 2) | E96: 93 | F96: 24000 | G96: 300 | H96: 50 | I96: 8 | J96: 3753000 | K96: 3090 | L96: Legendary T3 (3-Star Status: 2)
D97: Legendary T3 (3-Star Status: 3) | E97: 94 | F97: 24000 | G97: 300 | H97: 50 | I97: 8 | J97: 3794000 | K97: 3090 | L97: Legendary T3 (3-Star Status: 3)
D98: Legendary T3 (3-Star Status: 4) | E98: 95 | F98: 24000 | G98: 300 | H98: 50 | I98: 8 | J98: 3835000 | K98: 3100 | L98: Legendary T3 (3-Star Status: 4)
D99: Legendary T4 | E99: 96 | F99: 28000 | G99: 300 | H99: 50 | I99: 8 | J99: 3876000 | K99: 3090 | L99: Legendary T4
D100: Legendary T4 (Status: 1) | E100: 97 | F100: 28000 | G100: 330 | H100: 55 | I100: 8 | J100: 3916000 | K100: 3020 | L100: Legendary T4 (Status: 1)
D101: Legendary T4 (Status: 2) | E101: 98 | F101: 28000 | G101: 330 | H101: 55 | I101: 8 | J101: 3957000 | K101: 3100 | L101: Legendary T4 (Status: 2)
D102: Legendary T4 (Status: 3) | E102: 99 | F102: 28000 | G102: 330 | H102: 55 | I102: 8 | J102: 3998000 | K102: 3090 | L102: Legendary T4 (Status: 3)
D103: Legendary T4 (Status: 4) | E103: 100 | F103: 28000 | G103: 330 | H103: 55 | I103: 8 | J103: 4039000 | K103: 3100 | L103: Legendary T4 (Status: 4)
D104: Legendary T4 (1-Star) | E104: 101 | F104: 28000 | G104: 330 | H104: 55 | I104: 8 | J104: 4080000 | K104: 3090 | L104: Legendary T4 (1-Star)
D105: Legendary T4 (1-Star Status: 1) | E105: 102 | F105: 32000 | G105: 360 | H105: 60 | I105: 8 | J105: 4120000 | K105: 3020 | L105: Legendary T4 (1-Star Status: 1)
... D114: Legendary T4 (3-Star) | E114: 111 | F114: 36000 | G114: 390 | H114: 65 | I114: 8 | J114: 4488000 | K114: 3090 | L114: Legendary T4 (3-Star)
E115: T3 3* -> T4 3* | F115: =SUM(F95:F114) -> 604000 | G115: =SUM(G95:G114) -> 6900 | H115: =SUM(H95:H114) -> 1150 | I115: =SUM(I95:I114) -> 160
E116: X6 | F116: =F115*6 -> 3624000 | G116: =G115*6 -> 41400 | H116: =H115*6 -> 6900 | I116: =I115*6 -> 960
F118: Alloy | G118: Polish | H118: Plans | I118: Amber | J118: Cpower | K118: Dpower | L118: Svs Points
B119: HatCurrentLevel | D119: HatDesiredLevel | F119: {=IFERROR(IF(VLOOKUP(INDIRECT($B119,TRUE),$D$4:$E$114,2,FALSE)<VLOOKUP(INDIRECT($D119,TRUE),$D$4:$E$114,2,FALSE),SUM(INDEX($D$4:$K$114,VLOOKUP(INDIRECT($B119,TRUE),$D$4:$E$114,2,FALSE)+1,3):INDEX($D$4:$K$114,VLOOKUP(INDIRECT($D119,TRUE),$D$4:$E$114,2,FALSE),3)),0),0)} -> 102000 | G119: {=IFERROR(IF(VLOOKUP(INDIRECT($B119,TRUE),$D$4:$E$114,2,FALSE)<VLOOKUP(INDIRECT($D119,TRUE),$D$4:$E$114,2,FALSE),SUM(INDEX($D$4:$K$114,VLOOKUP(INDIRECT($B119,TRUE),$D$4:$E$114,2,FALSE)+1,4):INDEX($D$4:$K$114,VLOOKUP(INDIRECT($D119,TRUE),$D$4:$E$114,2,FALSE),4)),0),0)} -> 1020 | H119: {=IFERROR(IF(VLOOKUP(INDIRECT($B119,TRUE),$D$4:$E$114,2,FALSE)<VLOOKUP(INDIRECT($D119,TRUE),$D$4:$E$114,2,FALSE),SUM(INDEX($D$4:$K$114,VLOOKUP(INDIRECT($B119,TRUE),$D$4:$E$114,2,FALSE)+1,5):INDEX($D$4:$K$114,VLOOKUP(INDIRECT($D119,TRUE),$D$4:$E$114,2,FALSE),5)),0),0)} -> 175 | I119: {=IFERROR(IF(VLOOKUP(INDIRECT($B119,TRUE),$D$4:$E$114,2,FALSE)<VLOOKUP(INDIRECT($D119,TRUE),$D$4:$E$114,2,FALSE),SUM(INDEX($D$4:$K$114,VLOOKUP(INDIRECT($B119,TRUE),$D$4:$E$114,2,FALSE)+1,6):INDEX($D$4:$K$114,VLOOKUP(INDIRECT($D119,TRUE),$D$4:$E$114,2,FALSE),6)),0),0)} -> 0 | J119: {=IFERROR(VLOOKUP(INDIRECT($B119,TRUE),$D$4:$K$114,7,FALSE),0)} -> 1362720 | K119: {=IFERROR(IF(OR(ISBLANK(INDIRECT($D119,TRUE)),VLOOKUP(INDIRECT($D119,FALSE),$D$4:$K$114,2,FALSE)<=VLOOKUP(INDIRECT($B119,FALSE),$D$4:$K$114,2,FALSE))=TRUE,VLOOKUP(INDIRECT($B119,TRUE),$D$4:$K$114,7,FALSE),VLOOKUP(INDIRECT($D119,TRUE),$D$4:$K$114,7,FALSE)),0)} -> 1607520 | L119: {=IFERROR(IF(VLOOKUP(INDIRECT($B119,TRUE),$D$4:$E$114,2,FALSE)<VLOOKUP(INDIRECT($D119,TRUE),$D$4:$E$114,2,FALSE),SUM(INDEX($D$4:$K$114,VLOOKUP(INDIRECT($B119,TRUE),$D$4:$E$114,2,FALSE)+1,8):INDEX($D$4:$K$114,VLOOKUP(INDIRECT($D119,TRUE),$D$4:$E$114,2,FALSE),8)),0),0)} -> 25000
B120: CoatCurrentLevel | D120: CoatDesiredLevel | F120: {=IFERROR(IF(VLOOKUP(INDIRECT($B120,TRUE),$D$4:$E$114,2,FALSE)<VLOOKUP(INDIRECT($D120,TRUE),$D$4:$E$114,2,FALSE),SUM(INDEX($D$4:$K$114,VLOOKUP(INDIRECT($B120,TRUE),$D$4:$E$114,2,FALSE)+1,3):INDEX($D$4:$K$114,VLOOKUP(INDIRECT($D120,TRUE),$D$4:$E$114,2,FALSE),3)),0),0)} -> 135000 | G120: {=IFERROR(IF(VLOOKUP(INDIRECT($B120,TRUE),$D$4:$E$114,2,FALSE)<VLOOKUP(INDIRECT($D120,TRUE),$D$4:$E$114,2,FALSE),SUM(INDEX($D$4:$K$114,VLOOKUP(INDIRECT($B120,TRUE),$D$4:$E$114,2,FALSE)+1,4):INDEX($D$4:$K$114,VLOOKUP(INDIRECT($D120,TRUE),$D$4:$E$114,2,FALSE),4)),0),0)} -> 1350 | H120: {=IFERROR(IF(VLOOKUP(INDIRECT($B120,TRUE),$D$4:$E$114,2,FALSE)<VLOOKUP(INDIRECT($D120,TRUE),$D$4:$E$114,2,FALSE),SUM(INDEX($D$4:$K$114,VLOOKUP(INDIRECT($B120,TRUE),$D$4:$E$114,2,FALSE)+1,5):INDEX($D$4:$K$114,VLOOKUP(INDIRECT($D120,TRUE),$D$4:$E$114,2,FALSE),5)),0),0)} -> 220 | I120: {=IFERROR(IF(VLOOKUP(INDIRECT($B120,TRUE),$D$4:$E$114,2,FALSE)<VLOOKUP(INDIRECT($D120,TRUE),$D$4:$E$114,2,FALSE),SUM(INDEX($D$4:$K$114,VLOOKUP(INDIRECT($B120,TRUE),$D$4:$E$114,2,FALSE)+1,6):INDEX($D$4:$K$114,VLOOKUP(INDIRECT($D120,TRUE),$D$4:$E$114,2,FALSE),6)),0),0)} -> 0 | J120: {=IFERROR(VLOOKUP(INDIRECT($B120,TRUE),$D$4:$K$114,7,FALSE),0)} -> 1607520 | K120: {=IFERROR(IF(OR(ISBLANK(INDIRECT($D120,TRUE)),VLOOKUP(INDIRECT($D120,FALSE),$D$4:$K$114,2,FALSE)<=VLOOKUP(INDIRECT($B120,FALSE),$D$4:$K$114,2,FALSE))=TRUE,VLOOKUP(INDIRECT($B120,TRUE),$D$4:$K$114,7,FALSE),VLOOKUP(INDIRECT($D120,TRUE),$D$4:$K$114,7,FALSE)),0)} -> 1852320 | L120: {=IFERROR(IF(VLOOKUP(INDIRECT($B120,TRUE),$D$4:$E$114,2,FALSE)<VLOOKUP(INDIRECT($D120,TRUE),$D$4:$E$114,2,FALSE),SUM(INDEX($D$4:$K$114,VLOOKUP(INDIRECT($B120,TRUE),$D$4:$E$114,2,FALSE)+1,8):INDEX($D$4:$K$114,VLOOKUP(INDIRECT($D120,TRUE),$D$4:$E$114,2,FALSE),8)),0),0)} -> 25000
...

Sheet Charms Data
B2: Charm Upgrade Costs
B3: Level | C3: Guides | D3: Designs | E3: Secrets | F3: Power | G3: SvS Points
B4: 1 | C4: 5 | D4: 5 | E4: 0 | F4: 205700 | G4: 625
B5: 2 | C5: 40 | D5: 15 | E5: 0 | F5: 288000 | G5: 1250
B6: 3 | C6: 60 | D6: 40 | E6: 0 | F6: 370000 | G6: 3125
B7: 4 | C7: 80 | D7: 100 | E7: 0 | F7: 452000 | G7: 8750
B8: 5 | C8: 100 | D8: 200 | E8: 0 | F8: 576000 | G8: 11250
B9: 6 | C9: 120 | D9: 300 | E9: 0 | F9: 700000 | G9: 12500
B10: 7 | C10: 140 | D10: 400 | E10: 0 | F10: 824000 | G10: 12500
B11: 8 | C11: 200 | D11: 400 | E11: 0 | F11: 948000 | G11: 13000
B12: 9 | C12: 300 | D12: 400 | E12: 0 | F12: 1072000 | G12: 14000
B13: 10 | C13: 420 | D13: 420 | E13: 0 | F13: 1196000 | G13: 15000
B14: 11 | C14: 560 | D14: 420 | E14: 0 | F14: 1320000 | G14: 16000
B15: 12 | C15: 580 | D15: 450 | E15: 15 | F15: 1536000 | G15: 17000
... B18: 15 | C18: 600 | D18: 500 | E18: 70 | F18: 2184000 | G18: 20000
B19: 16 | C19: 650 | D19: 550 | E19: 100 | F19: =F18-F17+F18 -> 2400000 | G19: 21000
H22: Guides | I22: Designs | J22: Secrets | K22: Cpower | L22: Dpower | M22: Svs Points
B23: HatTopCurrentLevel | E23: HatTopDesiredLevel | H23: {=IFERROR(IF(INDIRECT($B23,TRUE)<INDIRECT($E23,TRUE),SUM(INDEX($B$4:$G$19,INDIRECT($B23,TRUE)+1,2):INDEX($B$4:$G$19,INDIRECT($E23,TRUE),2)),0),0)} -> 580 | I23: {=IFERROR(IF(INDIRECT($B23,TRUE)<INDIRECT($E23,TRUE),SUM(INDEX($B$4:$G$19,INDIRECT($B23,TRUE)+1,3):INDEX($B$4:$G$19,INDIRECT($E23,TRUE),3)),0),0)} -> 450 | J23: {=IFERROR(IF(INDIRECT($B23,TRUE)<INDIRECT($E23,TRUE),SUM(INDEX($B$4:$G$19,INDIRECT($B23,TRUE)+1,4):INDEX($B$4:$G$19,INDIRECT($E23,TRUE),4)),0),0)} -> 30 | K23: {=IFERROR(VLOOKUP(INDIRECT($B23,TRUE),$B$4:$G$19,5,FALSE),0)} -> 1536000 | L23: {=IFERROR(IF(OR(ISBLANK(INDIRECT($E23,TRUE)),INDIRECT($E23,FALSE)<=INDIRECT($B23,FALSE))=TRUE,VLOOKUP(INDIRECT($B23,TRUE),$B$4:$G$19,5,FALSE),VLOOKUP(INDIRECT($E23,TRUE),$B$4:$G$19,5,FALSE)),0)} -> 1752000 | M23: {=IFERROR(IF(INDIRECT($B23,TRUE)<INDIRECT($E23,TRUE),SUM(INDEX($B$4:$G$19,INDIRECT($B23,TRUE)+1,6):INDEX($B$4:$G$19,INDIRECT($E23,TRUE),6)),0),0)} -> 18000
B24: HatLeftCurrentLevel | E24: HatLeftDesiredLevel | H24: {=IFERROR(IF(INDIRECT($B24,TRUE)<INDIRECT($E24,TRUE),SUM(INDEX($B$4:$G$19,INDIRECT($B24,TRUE)+1,2):INDEX($B$4:$G$19,INDIRECT($E24,TRUE),2)),0),0)} -> 580 | I24: {=IFERROR(IF(INDIRECT($B24,TRUE)<INDIRECT($E24,TRUE),SUM(INDEX($B$4:$G$19,INDIRECT($B24,TRUE)+1,3):INDEX($B$4:$G$19,INDIRECT($E24,TRUE),3)),0),0)} -> 450 | J24: {=IFERROR(IF(INDIRECT($B24,TRUE)<INDIRECT($E24,TRUE),SUM(INDEX($B$4:$G$19,INDIRECT($B24,TRUE)+1,4):INDEX($B$4:$G$19,INDIRECT($E24,TRUE),4)),0),0)} -> 30 | K24: {=IFERROR(VLOOKUP(INDIRECT($B24,TRUE),$B$4:$G$19,5,FALSE),0)} -> 1536000 | L24: {=IFERROR(IF(OR(ISBLANK(INDIRECT($E24,TRUE)),INDIRECT($E24,FALSE)<=INDIRECT($B24,FALSE))=TRUE,VLOOKUP(INDIRECT($B24,TRUE),$B$4:$G$19,5,FALSE),VLOOKUP(INDIRECT($E24,TRUE),$B$4:$G$19,5,FALSE)),0)} -> 1752000 | M24: {=IFERROR(IF(INDIRECT($B24,TRUE)<INDIRECT($E24,TRUE),SUM(INDEX($B$4:$G$19,INDIRECT($B24,TRUE)+1,6):INDEX($B$4:$G$19,INDIRECT($E24,TRUE),6)),0),0)} -> 18000
B25: HatRightCurrentLevel | E25: HatRightDesiredLevel | H25: {=IFERROR(IF(INDIRECT($B25,TRUE)<INDIRECT($E25,TRUE),SUM(INDEX($B$4:$G$19,INDIRECT($B25,TRUE)+1,2):INDEX($B$4:$G$19,INDIRECT($E25,TRUE),2)),0),0)} -> 580 | I25: {=IFERROR(IF(INDIRECT($B25,TRUE)<INDIRECT($E25,TRUE),SUM(INDEX($B$4:$G$19,INDIRECT($B25,TRUE)+1,3):INDEX($B$4:$G$19,INDIRECT($E25,TRUE),3)),0),0)} -> 450 | J25: {=IFERROR(IF(INDIRECT($B25,TRUE)<INDIRECT($E25,TRUE),SUM(INDEX($B$4:$G$19,INDIRECT($B25,TRUE)+1,4):INDEX($B$4:$G$19,INDIRECT($E25,TRUE),4)),0),0)} -> 30 | K25: {=IFERROR(VLOOKUP(INDIRECT($B25,TRUE),$B$4:$G$19,5,FALSE),0)} -> 1536000 | L25: {=IFERROR(IF(OR(ISBLANK(INDIRECT($E25,TRUE)),INDIRECT($E25,FALSE)<=INDIRECT($B25,FALSE))=TRUE,VLOOKUP(INDIRECT($B25,TRUE),$B$4:$G$19,5,FALSE),VLOOKUP(INDIRECT($E25,TRUE),$B$4:$G$19,5,FALSE)),0)} -> 1752000 | M25: {=IFERROR(IF(INDIRECT($B25,TRUE)<INDIRECT($E25,TRUE),SUM(INDEX($B$4:$G$19,INDIRECT($B25,TRUE)+1,6):INDEX($B$4:$G$19,INDIRECT($E25,TRUE),6)),0),0)} -> 18000
B26: CoatTopCurrentLevel | E26: CoatTopDesiredLevel | H26: {=IFERROR(IF(INDIRECT($B26,TRUE)<INDIRECT($E26,TRUE),SUM(INDEX($B$4:$G$19,INDIRECT($B26,TRUE)+1,2):INDEX($B$4:$G$19,INDIRECT($E26,TRUE),2)),0),0)} -> 600 | I26: {=IFERROR(IF(INDIRECT($B26,TRUE)<INDIRECT($E26,TRUE),SUM(INDEX($B$4:$G$19,INDIRECT($B26,TRUE)+1,3):INDEX($B$4:$G$19,INDIRECT($E26,TRUE),3)),0),0)} -> 500 | J26: {=IFERROR(IF(INDIRECT($B26,TRUE)<INDIRECT($E26,TRUE),SUM(INDEX($B$4:$G$19,INDIRECT($B26,TRUE)+1,4):INDEX($B$4:$G$19,INDIRECT($E26,TRUE),4)),0),0)} -> 70 | K26: {=IFERROR(VLOOKUP(INDIRECT($B26,TRUE),$B$4:$G$19,5,FALSE),0)} -> 1968000 | L26: {=IFERROR(IF(OR(ISBLANK(INDIRECT($E26,TRUE)),INDIRECT($E26,FALSE)<=INDIRECT($B26,FALSE))=TRUE,VLOOKUP(INDIRECT($B26,TRUE),$B$4:$G$19,5,FALSE),VLOOKUP(INDIRECT($E26,TRUE),$B$4:$G$19,5,FALSE)),0)} -> 2184000 | M26: {=IFERROR(IF(INDIRECT($B26,TRUE)<INDIRECT($E26,TRUE),SUM(INDEX($B$4:$G$19,INDIRECT($B26,TRUE)+1,6):INDEX($B$4:$G$19,INDIRECT($E26,TRUE),6)),0),0)} -> 20000
B27: CoatLeftCurrentLevel | E27: CoatLeftDesiredLevel | H27: {=IFERROR(IF(INDIRECT($B27,TRUE)<INDIRECT($E27,TRUE),SUM(INDEX($B$4:$G$19,INDIRECT($B27,TRUE)+1,2):INDEX($B$4:$G$19,INDIRECT($E27,TRUE),2)),0),0)} -> 600 | I27: {=IFERROR(IF(INDIRECT($B27,TRUE)<INDIRECT($E27,TRUE),SUM(INDEX($B$4:$G$19,INDIRECT($B27,TRUE)+1,3):INDEX($B$4:$G$19,INDIRECT($E27,TRUE),3)),0),0)} -> 500 | J27: {=IFERROR(IF(INDIRECT($B27,TRUE)<INDIRECT($E27,TRUE),SUM(INDEX($B$4:$G$19,INDIRECT($B27,TRUE)+1,4):INDEX($B$4:$G$19,INDIRECT($E27,TRUE),4)),0),0)} -> 70 | K27: {=IFERROR(VLOOKUP(INDIRECT($B27,TRUE),$B$4:$G$19,5,FALSE),0)} -> 1968000 | L27: {=IFERROR(IF(OR(ISBLANK(INDIRECT($E27,TRUE)),INDIRECT($E27,FALSE)<=INDIRECT($B27,FALSE))=TRUE,VLOOKUP(INDIRECT($B27,TRUE),$B$4:$G$19,5,FALSE),VLOOKUP(INDIRECT($E27,TRUE),$B$4:$G$19,5,FALSE)),0)} -> 2184000 | M27: {=IFERROR(IF(INDIRECT($B27,TRUE)<INDIRECT($E27,TRUE),SUM(INDEX($B$4:$G$19,INDIRECT($B27,TRUE)+1,6):INDEX($B$4:$G$19,INDIRECT($E27,TRUE),6)),0),0)} -> 20000
B28: CoatRightCurrentLevel | E28: CoatRightDesiredLevel | H28: {=IFERROR(IF(INDIRECT($B28,TRUE)<INDIRECT($E28,TRUE),SUM(INDEX($B$4:$G$19,INDIRECT($B28,TRUE)+1,2):INDEX($B$4:$G$19,INDIRECT($E28,TRUE),2)),0),0)} -> 600 | I28: {=IFERROR(IF(INDIRECT($B28,TRUE)<INDIRECT($E28,TRUE),SUM(INDEX($B$4:$G$19,INDIRECT($B28,TRUE)+1,3):INDEX($B$4:$G$19,INDIRECT($E28,TRUE),3)),0),0)} -> 500 | J28: {=IFERROR(IF(INDIRECT($B28,TRUE)<INDIRECT($E28,TRUE),SUM(INDEX($B$4:$G$19,INDIRECT($B28,TRUE)+1,4):INDEX($B$4:$G$19,INDIRECT($E28,TRUE),4)),0),0)} -> 70 | K28: {=IFERROR(VLOOKUP(INDIRECT($B28,TRUE),$B$4:$G$19,5,FALSE),0)} -> 1968000 | L28: {=IFERROR(IF(OR(ISBLANK(INDIRECT($E28,TRUE)),INDIRECT($E28,FALSE)<=INDIRECT($B28,FALSE))=TRUE,VLOOKUP(INDIRECT($B28,TRUE),$B$4:$G$19,5,FALSE),VLOOKUP(INDIRECT($E28,TRUE),$B$4:$G$19,5,FALSE)),0)} -> 2184000 | M28: {=IFERROR(IF(INDIRECT($B28,TRUE)<INDIRECT($E28,TRUE),SUM(INDEX($B$4:$G$19,INDIRECT($B28,TRUE)+1,6):INDEX($B$4:$G$19,INDIRECT($E28,TRUE),6)),0),0)} -> 20000
B29: RingTopCurrentLevel | E29: RingTopDesiredLevel | H29: {=IFERROR(IF(INDIRECT($B29,TRUE)<INDIRECT($E29,TRUE),SUM(INDEX($B$4:$G$19,INDIRECT($B29,TRUE)+1,2):INDEX($B$4:$G$19,INDIRECT($E29,TRUE),2)),0),0)} -> 600 | I29: {=IFERROR(IF(INDIRECT($B29,TRUE)<INDIRECT($E29,TRUE),SUM(INDEX($B$4:$G$19,INDIRECT($B29,TRUE)+1,3):INDEX($B$4:$G$19,INDIRECT($E29,TRUE),3)),0),0)} -> 500 | J29: {=IFERROR(IF(INDIRECT($B29,TRUE)<INDIRECT($E29,TRUE),SUM(INDEX($B$4:$G$19,INDIRECT($B29,TRUE)+1,4):INDEX($B$4:$G$19,INDIRECT($E29,TRUE),4)),0),0)} -> 45 | K29: {=IFERROR(VLOOKUP(INDIRECT($B29,TRUE),$B$4:$G$19,5,FALSE),0)} -> 1752000 | L29: {=IFERROR(IF(OR(ISBLANK(INDIRECT($E29,TRUE)),INDIRECT($E29,FALSE)<=INDIRECT($B29,FALSE))=TRUE,VLOOKUP(INDIRECT($B29,TRUE),$B$4:$G$19,5,FALSE),VLOOKUP(INDIRECT($E29,TRUE),$B$4:$G$19,5,FALSE)),0)} -> 1968000 | M29: {=IFERROR(IF(INDIRECT($B29,TRUE)<INDIRECT($E29,TRUE),SUM(INDEX($B$4:$G$19,INDIRECT($B29,TRUE)+1,6):INDEX($B$4:$G$19,INDIRECT($E29,TRUE),6)),0),0)} -> 19000
B30: RingLeftCurrentLevel | E30: RingLeftDesiredLevel | H30: {=IFERROR(IF(INDIRECT($B30,TRUE)<INDIRECT($E30,TRUE),SUM(INDEX($B$4:$G$19,INDIRECT($B30,TRUE)+1,2):INDEX($B$4:$G$19,INDIRECT($E30,TRUE),2)),0),0)} -> 600 | I30: {=IFERROR(IF(INDIRECT($B30,TRUE)<INDIRECT($E30,TRUE),SUM(INDEX($B$4:$G$19,INDIRECT($B30,TRUE)+1,3):INDEX($B$4:$G$19,INDIRECT($E30,TRUE),3)),0),0)} -> 500 | J30: {=IFERROR(IF(INDIRECT($B30,TRUE)<INDIRECT($E30,TRUE),SUM(INDEX($B$4:$G$19,INDIRECT($B30,TRUE)+1,4):INDEX($B$4:$G$19,INDIRECT($E30,TRUE),4)),0),0)} -> 45 | K30: {=IFERROR(VLOOKUP(INDIRECT($B30,TRUE),$B$4:$G$19,5,FALSE),0)} -> 1752000 | L30: {=IFERROR(IF(OR(ISBLANK(INDIRECT($E30,TRUE)),INDIRECT($E30,FALSE)<=INDIRECT($B30,FALSE))=TRUE,VLOOKUP(INDIRECT($B30,TRUE),$B$4:$G$19,5,FALSE),VLOOKUP(INDIRECT($E30,TRUE),$B$4:$G$19,5,FALSE)),0)} -> 1968000 | M30: {=IFERROR(IF(INDIRECT($B30,TRUE)<INDIRECT($E30,TRUE),SUM(INDEX($B$4:$G$19,INDIRECT($B30,TRUE)+1,6):INDEX($B$4:$G$19,INDIRECT($E30,TRUE),6)),0),0)} -> 19000
B31: RingRightCurrentLevel | E31: RingRightDesiredLevel | H31: {=IFERROR(IF(INDIRECT($B31,TRUE)<INDIRECT($E31,TRUE),SUM(INDEX($B$4:$G$19,INDIRECT($B31,TRUE)+1,2):INDEX($B$4:$G$19,INDIRECT($E31,TRUE),2)),0),0)} -> 600 | I31: {=IFERROR(IF(INDIRECT($B31,TRUE)<INDIRECT($E31,TRUE),SUM(INDEX($B$4:$G$19,INDIRECT($B31,TRUE)+1,3):INDEX($B$4:$G$19,INDIRECT($E31,TRUE),3)),0),0)} -> 500 | J31: {=IFERROR(IF(INDIRECT($B31,TRUE)<INDIRECT($E31,TRUE),SUM(INDEX($B$4:$G$19,INDIRECT($B31,TRUE)+1,4):INDEX($B$4:$G$19,INDIRECT($E31,TRUE),4)),0),0)} -> 45 | K31: {=IFERROR(VLOOKUP(INDIRECT($B31,TRUE),$B$4:$G$19,5,FALSE),0)} -> 1752000 | L31: {=IFERROR(IF(OR(ISBLANK(INDIRECT($E31,TRUE)),INDIRECT($E31,FALSE)<=INDIRECT($B31,FALSE))=TRUE,VLOOKUP(INDIRECT($B31,TRUE),$B$4:$G$19,5,FALSE),VLOOKUP(INDIRECT($E31,TRUE),$B$4:$G$19,5,FALSE)),0)} -> 1968000 | M31: {=IFERROR(IF(INDIRECT($B31,TRUE)<INDIRECT($E31,TRUE),SUM(INDEX($B$4:$G$19,INDIRECT($B31,TRUE)+1,6):INDEX($B$4:$G$19,INDIRECT($E31,TRUE),6)),0),0)} -> 19000
B32: WatchTopCurrentLevel | E32: WatchTopDesiredLevel | H32: {=IFERROR(IF(INDIRECT($B32,TRUE)<INDIRECT($E32,TRUE),SUM(INDEX($B$4:$G$19,INDIRECT($B32,TRUE)+1,2):INDEX($B$4:$G$19,INDIRECT($E32,TRUE),2)),0),0)} -> 0 | I32: {=IFERROR(IF(INDIRECT($B32,TRUE)<INDIRECT($E32,TRUE),SUM(INDEX($B$4:$G$19,INDIRECT($B32,TRUE)+1,3):INDEX($B$4:$G$19,INDIRECT($E32,TRUE),3)),0),0)} -> 0 | J32: {=IFERROR(IF(INDIRECT($B32,TRUE)<INDIRECT($E32,TRUE),SUM(INDEX($B$4:$G$19,INDIRECT($B32,TRUE)+1,4):INDEX($B$4:$G$19,INDIRECT($E32,TRUE),4)),0),0)} -> 0 | K32: {=IFERROR(VLOOKUP(INDIRECT($B32,TRUE),$B$4:$G$19,5,FALSE),0)} -> 1536000 | L32: {=IFERROR(IF(OR(ISBLANK(INDIRECT($E32,TRUE)),INDIRECT($E32,FALSE)<=INDIRECT($B32,FALSE))=TRUE,VLOOKUP(INDIRECT($B32,TRUE),$B$4:$G$19,5,FALSE),VLOOKUP(INDIRECT($E32,TRUE),$B$4:$G$19,5,FALSE)),0)} -> 1536000 | M32: {=IFERROR(IF(INDIRECT($B32,TRUE)<INDIRECT($E32,TRUE),SUM(INDEX($B$4:$G$19,INDIRECT($B32,TRUE)+1,6):INDEX($B$4:$G$19,INDIRECT($E32,TRUE),6)),0),0)} -> 0
B33: WatchLeftCurrentLevel | E33: WatchLeftDesiredLevel | H33: {=IFERROR(IF(INDIRECT($B33,TRUE)<INDIRECT($E33,TRUE),SUM(INDEX($B$4:$G$19,INDIRECT($B33,TRUE)+1,2):INDEX($B$4:$G$19,INDIRECT($E33,TRUE),2)),0),0)} -> 0 | I33: {=IFERROR(IF(INDIRECT($B33,TRUE)<INDIRECT($E33,TRUE),SUM(INDEX($B$4:$G$19,INDIRECT($B33,TRUE)+1,3):INDEX($B$4:$G$19,INDIRECT($E33,TRUE),3)),0),0)} -> 0 | J33: {=IFERROR(IF(INDIRECT($B33,TRUE)<INDIRECT($E33,TRUE),SUM(INDEX($B$4:$G$19,INDIRECT($B33,TRUE)+1,4):INDEX($B$4:$G$19,INDIRECT($E33,TRUE),4)),0),0)} -> 0 | K33: {=IFERROR(VLOOKUP(INDIRECT($B33,TRUE),$B$4:$G$19,5,FALSE),0)} -> 1536000 | L33: {=IFERROR(IF(OR(ISBLANK(INDIRECT($E33,TRUE)),INDIRECT($E33,FALSE)<=INDIRECT($B33,FALSE))=TRUE,VLOOKUP(INDIRECT($B33,TRUE),$B$4:$G$19,5,FALSE),VLOOKUP(INDIRECT($E33,TRUE),$B$4:$G$19,5,FALSE)),0)} -> 1536000 | M33: {=IFERROR(IF(INDIRECT($B33,TRUE)<INDIRECT($E33,TRUE),SUM(INDEX($B$4:$G$19,INDIRECT($B33,TRUE)+1,6):INDEX($B$4:$G$19,INDIRECT($E33,TRUE),6)),0),0)} -> 0
B34: WatchRightCurrentLevel | E34: WatchRightDesiredLevel | H34: {=IFERROR(IF(INDIRECT($B34,TRUE)<INDIRECT($E34,TRUE),SUM(INDEX($B$4:$G$19,INDIRECT($B34,TRUE)+1,2):INDEX($B$4:$G$19,INDIRECT($E34,TRUE),2)),0),0)} -> 0 | I34: {=IFERROR(IF(INDIRECT($B34,TRUE)<INDIRECT($E34,TRUE),SUM(INDEX($B$4:$G$19,INDIRECT($B34,TRUE)+1,3):INDEX($B$4:$G$19,INDIRECT($E34,TRUE),3)),0),0)} -> 0 | J34: {=IFERROR(IF(INDIRECT($B34,TRUE)<INDIRECT($E34,TRUE),SUM(INDEX($B$4:$G$19,INDIRECT($B34,TRUE)+1,4):INDEX($B$4:$G$19,INDIRECT($E34,TRUE),4)),0),0)} -> 0 | K34: {=IFERROR(VLOOKUP(INDIRECT($B34,TRUE),$B$4:$G$19,5,FALSE),0)} -> 1536000 | L34: {=IFERROR(IF(OR(ISBLANK(INDIRECT($E34,TRUE)),INDIRECT($E34,FALSE)<=INDIRECT($B34,FALSE))=TRUE,VLOOKUP(INDIRECT($B34,TRUE),$B$4:$G$19,5,FALSE),VLOOKUP(INDIRECT($E34,TRUE),$B$4:$G$19,5,FALSE)),0)} -> 1536000 | M34: {=IFERROR(IF(INDIRECT($B34,TRUE)<INDIRECT($E34,TRUE),SUM(INDEX($B$4:$G$19,INDIRECT($B34,TRUE)+1,6):INDEX($B$4:$G$19,INDIRECT($E34,TRUE),6)),0),0)} -> 0
... B40: CudgelRightCurrentLevel | E40: CudgelRightDesiredLevel | H40: {=IFERROR(IF(INDIRECT($B40,TRUE)<INDIRECT($E40,TRUE),SUM(INDEX($B$4:$G$19,INDIRECT($B40,TRUE)+1,2):INDEX($B$4:$G$19,INDIRECT($E40,TRUE),2)),0),0)} -> 600 | I40: {=IFERROR(IF(INDIRECT($B40,TRUE)<INDIRECT($E40,TRUE),SUM(INDEX($B$4:$G$19,INDIRECT($B40,TRUE)+1,3):INDEX($B$4:$G$19,INDIRECT($E40,TRUE),3)),0),0)} -> 500 | J40: {=IFERROR(IF(INDIRECT($B40,TRUE)<INDIRECT($E40,TRUE),SUM(INDEX($B$4:$G$19,INDIRECT($B40,TRUE)+1,4):INDEX($B$4:$G$19,INDIRECT($E40,TRUE),4)),0),0)} -> 45 | K40: {=IFERROR(VLOOKUP(INDIRECT($B40,TRUE),$B$4:$G$19,5,FALSE),0)} -> 1752000 | L40: {=IFERROR(IF(OR(ISBLANK(INDIRECT($E40,TRUE)),INDIRECT($E40,FALSE)<=INDIRECT($B40,FALSE))=TRUE,VLOOKUP(INDIRECT($B40,TRUE),$B$4:$G$19,5,FALSE),VLOOKUP(INDIRECT($E40,TRUE),$B$4:$G$19,5,FALSE)),0)} -> 1968000 | M40: {=IFERROR(IF(INDIRECT($B40,TRUE)<INDIRECT($E40,TRUE),SUM(INDEX($B$4:$G$19,INDIRECT($B40,TRUE)+1,6):INDEX($B$4:$G$19,INDIRECT($E40,TRUE),6)),0),0)} -> 19000
H41: =SUM(H23:H40) -> 8940 | I41: =SUM(I23:I40) -> 7350 | J41: =SUM(J23:J40) -> 780 | K41: =SUM(K23:K40) -> 31536000 | L41: {=SUM(IF(L23:L40>K23:K40,L23:L40,0))} -> 30168000 | M41: =SUM(M23:M40) -> 288000

Sheet Heroes
A1: (631) Zerethusta's Whiteout Survival Chief Hero Calculator
B4: Hero | D4: Hero Star Levels | F4: Shards | K4: Widgets | N4: Widgets Needed
B5: Type | C5: Name | D5: Current | E5: Desired | F5: Cost | G5: Specific | H5: General | I5: Needed | J5: Affordable? | K5: Atk/Def | L5: Current | M5: Desired | N5: Gen 1 | O5: Gen 2 | P5: Gen 3 | Q5: Gen 4 | R5: Gen 5 | S5: Gen 6 | T5: Gen 7 | U5: Gen 8 | V5: Gen 9 | W5: Gen 10 | X5: Gen 11 | Y5: Gen 12 | Z5: Gen 13
A6: Gen 1 | B6: Infantry | C6: Jeronimo | D6: 5 | F6: =IFERROR(VLOOKUP($D6,'Chief & Hero Data'!$G$68:$AM$101,MATCH($E6,'Chief & Hero Data'!$G$69:$AM$69,0),TRUE),"-") -> - | I6: =IFERROR(VLOOKUP($D6,'Chief & Hero Data'!$G$68:$AM$101,MATCH($E6,'Chief & Hero Data'!$G$69:$AM$69,0),FALSE)-G6,"-") -> - | J6: =IFERROR(IF(VLOOKUP(E6,'Chief & Hero Data'!$B$70:$C$101,2,FALSE)>VLOOKUP(D6,'Chief & Hero Data'!$B$70:$C$101,2,FALSE),IF(ISNUMBER(F6)=FALSE,"-",IF((G6+H6)>F6-1,"Yes","No")),"-"),) -> 0 | K6: Attack | L6: 10 | N6: =IFERROR(VLOOKUP($L6,'Chief & Hero Data'!$E$190:$O$200,MATCH($M6,'Chief & Hero Data'!$E$189:$O$189,0),FALSE),"")
B7: Infantry | C7: Natalia | D7: 5 | F7: =IFERROR(VLOOKUP($D7,'Chief & Hero Data'!$G$68:$AM$101,MATCH($E7,'Chief & Hero Data'!$G$69:$AM$69,0),FALSE),"-") -> - | I7: =IFERROR(VLOOKUP($D7,'Chief & Hero Data'!$G$68:$AM$101,MATCH($E7,'Chief & Hero Data'!$G$69:$AM$69,0),FALSE)-G7,"-") -> - | J7: =IFERROR(IF(VLOOKUP(E7,'Chief & Hero Data'!$B$70:$C$101,2,FALSE)>VLOOKUP(D7,'Chief & Hero Data'!$B$70:$C$101,2,FALSE),IF(ISNUMBER(F7)=FALSE,"-",IF((G7+H7)>F7-1,"Yes","No")),"-"),) -> 0 | K7: Attack | L7: 0 | M7: 10 | N7: =IFERROR(VLOOKUP($L7,'Chief & Hero Data'!$E$190:$O$200,MATCH($M7,'Chief & Hero Data'!$E$189:$O$189,0),FALSE),"") -> 275
B8: Lancer | C8: Molly | D8: 5 | F8: =IFERROR(VLOOKUP($D8,'Chief & Hero Data'!$G$68:$AM$101,MATCH($E8,'Chief & Hero Data'!$G$69:$AM$69,0),FALSE),"-") -> - | I8: =IFERROR(VLOOKUP($D8,'Chief & Hero Data'!$G$68:$AM$101,MATCH($E8,'Chief & Hero Data'!$G$69:$AM$69,0),FALSE)-G8,"-") -> - | J8: =IFERROR(IF(VLOOKUP(E8,'Chief & Hero Data'!$B$70:$C$101,2,FALSE)>VLOOKUP(D8,'Chief & Hero Data'!$B$70:$C$101,2,FALSE),IF(ISNUMBER(F8)=FALSE,"-",IF((G8+H8)>F8-1,"Yes","No")),"-"),) -> 0 | K8: Defense | L8: 2 | N8: =IFERROR(VLOOKUP($L8,'Chief & Hero Data'!$E$190:$O$200,MATCH($M8,'Chief & Hero Data'!$E$189:$O$189,0),FALSE),"")
B9: Marksman | C9: Zinman | D9: 4 | F9: =IFERROR(VLOOKUP($D9,'Chief & Hero Data'!$G$68:$AM$101,MATCH($E9,'Chief & Hero Data'!$G$69:$AM$69,0),FALSE),"-") -> - | I9: =IFERROR(VLOOKUP($D9,'Chief & Hero Data'!$G$68:$AM$101,MATCH($E9,'Chief & Hero Data'!$G$69:$AM$69,0),FALSE)-G9,"-") -> - | J9: =IFERROR(IF(VLOOKUP(E9,'Chief & Hero Data'!$B$70:$C$101,2,FALSE)>VLOOKUP(D9,'Chief & Hero Data'!$B$70:$C$101,2,FALSE),IF(ISNUMBER(F9)=FALSE,"-",IF((G9+H9)>F9-1,"Yes","No")),"-"),) -> 0 | K9: Defense | L9: 2 | N9: =IFERROR(VLOOKUP($L9,'Chief & Hero Data'!$E$190:$O$200,MATCH($M9,'Chief & Hero Data'!$E$189:$O$189,0),FALSE),"")
A10: Gen 2 | B10: Infantry | C10: Flint | D10: 5 | F10: =IFERROR(VLOOKUP($D10,'Chief & Hero Data'!$G$68:$AM$101,MATCH($E10,'Chief & Hero Data'!$G$69:$AM$69,0),FALSE),"-") -> - | I10: =IFERROR(VLOOKUP($D10,'Chief & Hero Data'!$G$68:$AM$101,MATCH($E10,'Chief & Hero Data'!$G$69:$AM$69,0),FALSE)-G10,"-") -> - | J10: =IFERROR(IF(VLOOKUP(E10,'Chief & Hero Data'!$B$70:$C$101,2,FALSE)>VLOOKUP(D10,'Chief & Hero Data'!$B$70:$C$101,2,FALSE),IF(ISNUMBER(F10)=FALSE,"-",IF((G10+H10)>F10-1,"Yes","No")),"-"),) -> 0 | K10: Defense | L10: 10 | O10: =IFERROR(VLOOKUP($L10,'Chief & Hero Data'!$E$190:$O$200,MATCH($M10,'Chief & Hero Data'!$E$189:$O$189,0),FALSE),"")
B11: Lancer | C11: Philly | D11: 5 | F11: =IFERROR(VLOOKUP($D11,'Chief & Hero Data'!$G$68:$AM$101,MATCH($E11,'Chief & Hero Data'!$G$69:$AM$69,0),FALSE),"-") -> - | I11: =IFERROR(VLOOKUP($D11,'Chief & Hero Data'!$G$68:$AM$101,MATCH($E11,'Chief & Hero Data'!$G$69:$AM$69,0),FALSE)-G11,"-") -> - | J11: =IFERROR(IF(VLOOKUP(E11,'Chief & Hero Data'!$B$70:$C$101,2,FALSE)>VLOOKUP(D11,'Chief & Hero Data'!$B$70:$C$101,2,FALSE),IF(ISNUMBER(F11)=FALSE,"-",IF((G11+H11)>F11-1,"Yes","No")),"-"),) -> 0 | K11: Defense | L11: 10 | O11: =IFERROR(VLOOKUP($L11,'Chief & Hero Data'!$E$190:$O$200,MATCH($M11,'Chief & Hero Data'!$E$189:$O$189,0),FALSE),"")
B12: Marksman | C12: Alonso | D12: 5 | F12: =IFERROR(VLOOKUP($D12,'Chief & Hero Data'!$G$68:$AM$101,MATCH($E12,'Chief & Hero Data'!$G$69:$AM$69,0),FALSE),"-") -> - | I12: =IFERROR(VLOOKUP($D12,'Chief & Hero Data'!$G$68:$AM$101,MATCH($E12,'Chief & Hero Data'!$G$69:$AM$69,0),FALSE)-G12,"-") -> - | J12: =IFERROR(IF(VLOOKUP(E12,'Chief & Hero Data'!$B$70:$C$101,2,FALSE)>VLOOKUP(D12,'Chief & Hero Data'!$B$70:$C$101,2,FALSE),IF(ISNUMBER(F12)=FALSE,"-",IF((G12+H12)>F12-1,"Yes","No")),"-"),) -> 0 | K12: Attack | L12: 10 | O12: =IFERROR(VLOOKUP($L12,'Chief & Hero Data'!$E$190:$O$200,MATCH($M12,'Chief & Hero Data'!$E$189:$O$189,0),FALSE),"")
A13: Gen 3 | B13: Infantry | C13: Logan | D13: 5 | F13: =IFERROR(VLOOKUP($D13,'Chief & Hero Data'!$G$68:$AM$101,MATCH($E13,'Chief & Hero Data'!$G$69:$AM$69,0),FALSE),"-") -> - | I13: =IFERROR(VLOOKUP($D13,'Chief & Hero Data'!$G$68:$AM$101,MATCH($E13,'Chief & Hero Data'!$G$69:$AM$69,0),FALSE)-G13,"-") -> - | J13: =IFERROR(IF(VLOOKUP(E13,'Chief & Hero Data'!$B$70:$C$101,2,FALSE)>VLOOKUP(D13,'Chief & Hero Data'!$B$70:$C$101,2,FALSE),IF(ISNUMBER(F13)=FALSE,"-",IF((G13+H13)>F13-1,"Yes","No")),"-"),) -> 0 | K13: Defense | L13: 10 | P13: =IFERROR(VLOOKUP($L13,'Chief & Hero Data'!$E$190:$O$200,MATCH($M13,'Chief & Hero Data'!$E$189:$O$189,0),FALSE),"")
B14: Lancer | C14: Mia | D14: 5 | F14: =IFERROR(VLOOKUP($D14,'Chief & Hero Data'!$G$68:$AM$101,MATCH($E14,'Chief & Hero Data'!$G$69:$AM$69,0),FALSE),"-") -> - | I14: =IFERROR(VLOOKUP($D14,'Chief & Hero Data'!$G$68:$AM$101,MATCH($E14,'Chief & Hero Data'!$G$69:$AM$69,0),FALSE)-G14,"-") -> - | J14: =IFERROR(IF(VLOOKUP(E14,'Chief & Hero Data'!$B$70:$C$101,2,FALSE)>VLOOKUP(D14,'Chief & Hero Data'!$B$70:$C$101,2,FALSE),IF(ISNUMBER(F14)=FALSE,"-",IF((G14+H14)>F14-1,"Yes","No")),"-"),) -> 0 | K14: Attack | L14: 10 | P14: =IFERROR(VLOOKUP($L14,'Chief & Hero Data'!$E$190:$O$200,MATCH($M14,'Chief & Hero Data'!$E$189:$O$189,0),FALSE),"")
B15: Marksman | C15: Greg | D15: 5 | F15: =IFERROR(VLOOKUP($D15,'Chief & Hero Data'!$G$68:$AM$101,MATCH($E15,'Chief & Hero Data'!$G$69:$AM$69,0),FALSE),"-") -> - | I15: =IFERROR(VLOOKUP($D15,'Chief & Hero Data'!$G$68:$AM$101,MATCH($E15,'Chief & Hero Data'!$G$69:$AM$69,0),FALSE)-G15,"-") -> - | J15: =IFERROR(IF(VLOOKUP(E15,'Chief & Hero Data'!$B$70:$C$101,2,FALSE)>VLOOKUP(D15,'Chief & Hero Data'!$B$70:$C$101,2,FALSE),IF(ISNUMBER(F15)=FALSE,"-",IF((G15+H15)>F15-1,"Yes","No")),"-"),) -> 0 | K15: Attack | L15: 10 | P15: =IFERROR(VLOOKUP($L15,'Chief & Hero Data'!$E$190:$O$200,MATCH($M15,'Chief & Hero Data'!$E$189:$O$189,0),FALSE),"")
A16: Gen 4 | B16: Infantry | C16: Ahmose | D16: 5 | F16: =IFERROR(VLOOKUP($D16,'Chief & Hero Data'!$G$68:$AM$101,MATCH($E16,'Chief & Hero Data'!$G$69:$AM$69,0),FALSE),"-") -> - | I16: =IFERROR(VLOOKUP($D16,'Chief & Hero Data'!$G$68:$AM$101,MATCH($E16,'Chief & Hero Data'!$G$69:$AM$69,0),FALSE)-G16,"-") -> - | J16: =IFERROR(IF(VLOOKUP(E16,'Chief & Hero Data'!$B$70:$C$101,2,FALSE)>VLOOKUP(D16,'Chief & Hero Data'!$B$70:$C$101,2,FALSE),IF(ISNUMBER(F16)=FALSE,"-",IF((G16+H16)>F16-1,"Yes","No")),"-"),) -> 0 | K16: Defense | L16: 10 | Q16: =IFERROR(VLOOKUP($L16,'Chief & Hero Data'!$E$190:$O$200,MATCH($M16,'Chief & Hero Data'!$E$189:$O$189,0),FALSE),"")
B17: Lancer | C17: Reina | D17: 5 | F17: =IFERROR(VLOOKUP($D17,'Chief & Hero Data'!$G$68:$AM$101,MATCH($E17,'Chief & Hero Data'!$G$69:$AM$69,0),FALSE),"-") -> - | I17: =IFERROR(VLOOKUP($D17,'Chief & Hero Data'!$G$68:$AM$101,MATCH($E17,'Chief & Hero Data'!$G$69:$AM$69,0),FALSE)-G17,"-") -> - | J17: =IFERROR(IF(VLOOKUP(E17,'Chief & Hero Data'!$B$70:$C$101,2,FALSE)>VLOOKUP(D17,'Chief & Hero Data'!$B$70:$C$101,2,FALSE),IF(ISNUMBER(F17)=FALSE,"-",IF((G17+H17)>F17-1,"Yes","No")),"-"),) -> 0 | K17: Attack | L17: 10 | Q17: =IFERROR(VLOOKUP($L17,'Chief & Hero Data'!$E$190:$O$200,MATCH($M17,'Chief & Hero Data'!$E$189:$O$189,0),FALSE),"")
B18: Marksman | C18: Lynn | D18: 5 | F18: =IFERROR(VLOOKUP($D18,'Chief & Hero Data'!$G$68:$AM$101,MATCH($E18,'Chief & Hero Data'!$G$69:$AM$69,0),FALSE),"-") -> - | I18: =IFERROR(VLOOKUP($D18,'Chief & Hero Data'!$G$68:$AM$101,MATCH($E18,'Chief & Hero Data'!$G$69:$AM$69,0),FALSE)-G18,"-") -> - | J18: =IFERROR(IF(VLOOKUP(E18,'Chief & Hero Data'!$B$70:$C$101,2,FALSE)>VLOOKUP(D18,'Chief & Hero Data'!$B$70:$C$101,2,FALSE),IF(ISNUMBER(F18)=FALSE,"-",IF((G18+H18)>F18-1,"Yes","No")),"-"),) -> 0 | K18: Defense | L18: 10 | Q18: =IFERROR(VLOOKUP($L18,'Chief & Hero Data'!$E$190:$O$200,MATCH($M18,'Chief & Hero Data'!$E$189:$O$189,0),FALSE),"")
A19: Gen 5 | B19: Infantry | C19: Hector | D19: 5 | F19: =IFERROR(VLOOKUP($D19,'Chief & Hero Data'!$G$68:$AM$101,MATCH($E19,'Chief & Hero Data'!$G$69:$AM$69,0),FALSE),"-") -> - | I19: =IFERROR(VLOOKUP($D19,'Chief & Hero Data'!$G$68:$AM$101,MATCH($E19,'Chief & Hero Data'!$G$69:$AM$69,0),FALSE)-G19,"-") -> - | J19: =IFERROR(IF(VLOOKUP(E19,'Chief & Hero Data'!$B$70:$C$101,2,FALSE)>VLOOKUP(D19,'Chief & Hero Data'!$B$70:$C$101,2,FALSE),IF(ISNUMBER(F19)=FALSE,"-",IF((G19+H19)>F19-1,"Yes","No")),"-"),) -> 0 | K19: Defense | L19: 10 | R19: =IFERROR(VLOOKUP($L19,'Chief & Hero Data'!$E$190:$O$200,MATCH($M19,'Chief & Hero Data'!$E$189:$O$189,0),FALSE),"")
B20: Lancer | C20: Norah | D20: 5 | F20: =IFERROR(VLOOKUP($D20,'Chief & Hero Data'!$G$68:$AM$101,MATCH($E20,'Chief & Hero Data'!$G$69:$AM$69,0),FALSE),"-") -> - | I20: =IFERROR(VLOOKUP($D20,'Chief & Hero Data'!$G$68:$AM$101,MATCH($E20,'Chief & Hero Data'!$G$69:$AM$69,0),FALSE)-G20,"-") -> - | J20: =IFERROR(IF(VLOOKUP(E20,'Chief & Hero Data'!$B$70:$C$101,2,FALSE)>VLOOKUP(D20,'Chief & Hero Data'!$B$70:$C$101,2,FALSE),IF(ISNUMBER(F20)=FALSE,"-",IF((G20+H20)>F20-1,"Yes","No")),"-"),) -> 0 | K20: Defense | L20: 10 | R20: =IFERROR(VLOOKUP($L20,'Chief & Hero Data'!$E$190:$O$200,MATCH($M20,'Chief & Hero Data'!$E$189:$O$189,0),FALSE),"")
B21: Marksman | C21: Gwen | D21: 5 | F21: =IFERROR(VLOOKUP($D21,'Chief & Hero Data'!$G$68:$AM$101,MATCH($E21,'Chief & Hero Data'!$G$69:$AM$69,0),FALSE),"-") -> - | I21: =IFERROR(VLOOKUP($D21,'Chief & Hero Data'!$G$68:$AM$101,MATCH($E21,'Chief & Hero Data'!$G$69:$AM$69,0),FALSE)-G21,"-") -> - | J21: =IFERROR(IF(VLOOKUP(E21,'Chief & Hero Data'!$B$70:$C$101,2,FALSE)>VLOOKUP(D21,'Chief & Hero Data'!$B$70:$C$101,2,FALSE),IF(ISNUMBER(F21)=FALSE,"-",IF((G21+H21)>F21-1,"Yes","No")),"-"),) -> 0 | K21: Attack | L21: 10 | R21: =IFERROR(VLOOKUP($L21,'Chief & Hero Data'!$E$190:$O$200,MATCH($M21,'Chief & Hero Data'!$E$189:$O$189,0),FALSE),"")
A22: Gen 6 | B22: Infantry | C22: Wu Ming | D22: 5 | F22: =IFERROR(VLOOKUP($D22,'Chief & Hero Data'!$G$68:$AM$101,MATCH($E22,'Chief & Hero Data'!$G$69:$AM$69,0),FALSE),"-") -> - | I22: =IFERROR(VLOOKUP($D22,'Chief & Hero Data'!$G$68:$AM$101,MATCH($E22,'Chief & Hero Data'!$G$69:$AM$69,0),FALSE)-G22,"-") -> - | J22: =IFERROR(IF(VLOOKUP(E22,'Chief & Hero Data'!$B$70:$C$101,2,FALSE)>VLOOKUP(D22,'Chief & Hero Data'!$B$70:$C$101,2,FALSE),IF(ISNUMBER(F22)=FALSE,"-",IF((G22+H22)>F22-1,"Yes","No")),"-"),) -> 0 | K22: Defense | L22: 10 | S22: =IFERROR(VLOOKUP($L22,'Chief & Hero Data'!$E$190:$O$200,MATCH($M22,'Chief & Hero Data'!$E$189:$O$189,0),FALSE),"")
B23: Lancer | C23: Renee | D23: 5 | F23: =IFERROR(VLOOKUP($D23,'Chief & Hero Data'!$G$68:$AM$101,MATCH($E23,'Chief & Hero Data'!$G$69:$AM$69,0),FALSE),"-") -> - | I23: =IFERROR(VLOOKUP($D23,'Chief & Hero Data'!$G$68:$AM$101,MATCH($E23,'Chief & Hero Data'!$G$69:$AM$69,0),FALSE)-G23,"-") -> - | J23: =IFERROR(IF(VLOOKUP(E23,'Chief & Hero Data'!$B$70:$C$101,2,FALSE)>VLOOKUP(D23,'Chief & Hero Data'!$B$70:$C$101,2,FALSE),IF(ISNUMBER(F23)=FALSE,"-",IF((G23+H23)>F23-1,"Yes","No")),"-"),) -> 0 | K23: Attack | L23: 10 | S23: =IFERROR(VLOOKUP($L23,'Chief & Hero Data'!$E$190:$O$200,MATCH($M23,'Chief & Hero Data'!$E$189:$O$189,0),FALSE),"")
B24: Marksman | C24: Wayne | D24: 5 | F24: =IFERROR(VLOOKUP($D24,'Chief & Hero Data'!$G$68:$AM$101,MATCH($E24,'Chief & Hero Data'!$G$69:$AM$69,0),FALSE),"-") -> - | I24: =IFERROR(VLOOKUP($D24,'Chief & Hero Data'!$G$68:$AM$101,MATCH($E24,'Chief & Hero Data'!$G$69:$AM$69,0),FALSE)-G24,"-") -> - | J24: =IFERROR(IF(VLOOKUP(E24,'Chief & Hero Data'!$B$70:$C$101,2,FALSE)>VLOOKUP(D24,'Chief & Hero Data'!$B$70:$C$101,2,FALSE),IF(ISNUMBER(F24)=FALSE,"-",IF((G24+H24)>F24-1,"Yes","No")),"-"),) -> 0 | K24: Defense | L24: 10 | S24: =IFERROR(VLOOKUP($L24,'Chief & Hero Data'!$E$190:$O$200,MATCH($M24,'Chief & Hero Data'!$E$189:$O$189,0),FALSE),"")
A25: Gen 7 | B25: Infantry | C25: Edith | D25: 5 | F25: =IFERROR(VLOOKUP($D25,'Chief & Hero Data'!$G$68:$AM$101,MATCH($E25,'Chief & Hero Data'!$G$69:$AM$69,0),FALSE),"-") -> - | I25: =IFERROR(VLOOKUP($D25,'Chief & Hero Data'!$G$68:$AM$101,MATCH($E25,'Chief & Hero Data'!$G$69:$AM$69,0),FALSE)-G25,"-") -> - | J25: =IFERROR(IF(VLOOKUP(E25,'Chief & Hero Data'!$B$70:$C$101,2,FALSE)>VLOOKUP(D25,'Chief & Hero Data'!$B$70:$C$101,2,FALSE),IF(ISNUMBER(F25)=FALSE,"-",IF((G25+H25)>F25-1,"Yes","No")),"-"),) -> 0 | K25: Defense | L25: 10 | T25: =IFERROR(VLOOKUP($L25,'Chief & Hero Data'!$E$190:$O$200,MATCH($M25,'Chief & Hero Data'!$E$189:$O$189,0),FALSE),"")
B26: Lancer | C26: Gordon | D26: 5 | F26: =IFERROR(VLOOKUP($D26,'Chief & Hero Data'!$G$68:$AM$101,MATCH($E26,'Chief & Hero Data'!$G$69:$AM$69,0),FALSE),"-") -> - | I26: =IFERROR(VLOOKUP($D26,'Chief & Hero Data'!$G$68:$AM$101,MATCH($E26,'Chief & Hero Data'!$G$69:$AM$69,0),FALSE)-G26,"-") -> - | J26: =IFERROR(IF(VLOOKUP(E26,'Chief & Hero Data'!$B$70:$C$101,2,FALSE)>VLOOKUP(D26,'Chief & Hero Data'!$B$70:$C$101,2,FALSE),IF(ISNUMBER(F26)=FALSE,"-",IF((G26+H26)>F26-1,"Yes","No")),"-"),) -> 0 | K26: Attack | L26: 10 | T26: =IFERROR(VLOOKUP($L26,'Chief & Hero Data'!$E$190:$O$200,MATCH($M26,'Chief & Hero Data'!$E$189:$O$189,0),FALSE),"")
B27: Marksman | C27: Bradley | D27: 5 | F27: =IFERROR(VLOOKUP($D27,'Chief & Hero Data'!$G$68:$AM$101,MATCH($E27,'Chief & Hero Data'!$G$69:$AM$69,0),FALSE),"-") -> - | I27: =IFERROR(VLOOKUP($D27,'Chief & Hero Data'!$G$68:$AM$101,MATCH($E27,'Chief & Hero Data'!$G$69:$AM$69,0),FALSE)-G27,"-") -> - | J27: =IFERROR(IF(VLOOKUP(E27,'Chief & Hero Data'!$B$70:$C$101,2,FALSE)>VLOOKUP(D27,'Chief & Hero Data'!$B$70:$C$101,2,FALSE),IF(ISNUMBER(F27)=FALSE,"-",IF((G27+H27)>F27-1,"Yes","No")),"-"),) -> 0 | K27: Defense | L27: 10 | T27: =IFERROR(VLOOKUP($L27,'Chief & Hero Data'!$E$190:$O$200,MATCH($M27,'Chief & Hero Data'!$E$189:$O$189,0),FALSE),"")
A28: Gen 8 | B28: Infantry | C28: Gatot | D28: 5 | F28: =IFERROR(VLOOKUP($D28,'Chief & Hero Data'!$G$68:$AM$101,MATCH($E28,'Chief & Hero Data'!$G$69:$AM$69,0),FALSE),"-") -> - | I28: =IFERROR(VLOOKUP($D28,'Chief & Hero Data'!$G$68:$AM$101,MATCH($E28,'Chief & Hero Data'!$G$69:$AM$69,0),FALSE)-G28,"-") -> - | J28: =IFERROR(IF(VLOOKUP(E28,'Chief & Hero Data'!$B$70:$C$101,2,FALSE)>VLOOKUP(D28,'Chief & Hero Data'!$B$70:$C$101,2,FALSE),IF(ISNUMBER(F28)=FALSE,"-",IF((G28+H28)>F28-1,"Yes","No")),"-"),) -> 0 | K28: Defense | L28: 10 | U28: =IFERROR(VLOOKUP($L28,'Chief & Hero Data'!$E$190:$O$200,MATCH($M28,'Chief & Hero Data'!$E$189:$O$189,0),FALSE),"")
B29: Lancer | C29: Sonya | D29: 5 | F29: =IFERROR(VLOOKUP($D29,'Chief & Hero Data'!$G$68:$AM$101,MATCH($E29,'Chief & Hero Data'!$G$69:$AM$69,0),FALSE),"-") -> - | I29: =IFERROR(VLOOKUP($D29,'Chief & Hero Data'!$G$68:$AM$101,MATCH($E29,'Chief & Hero Data'!$G$69:$AM$69,0),FALSE)-G29,"-") -> - | J29: =IFERROR(IF(VLOOKUP(E29,'Chief & Hero Data'!$B$70:$C$101,2,FALSE)>VLOOKUP(D29,'Chief & Hero Data'!$B$70:$C$101,2,FALSE),IF(ISNUMBER(F29)=FALSE,"-",IF((G29+H29)>F29-1,"Yes","No")),"-"),) -> 0 | K29: Defense | L29: 10 | U29: =IFERROR(VLOOKUP($L29,'Chief & Hero Data'!$E$190:$O$200,MATCH($M29,'Chief & Hero Data'!$E$189:$O$189,0),FALSE),"")
B30: Marksman | C30: Hendrik | D30: 5 | F30: =IFERROR(VLOOKUP($D30,'Chief & Hero Data'!$G$68:$AM$101,MATCH($E30,'Chief & Hero Data'!$G$69:$AM$69,0),FALSE),"-") -> - | I30: =IFERROR(VLOOKUP($D30,'Chief & Hero Data'!$G$68:$AM$101,MATCH($E30,'Chief & Hero Data'!$G$69:$AM$69,0),FALSE)-G30,"-") -> - | J30: =IFERROR(IF(VLOOKUP(E30,'Chief & Hero Data'!$B$70:$C$101,2,FALSE)>VLOOKUP(D30,'Chief & Hero Data'!$B$70:$C$101,2,FALSE),IF(ISNUMBER(F30)=FALSE,"-",IF((G30+H30)>F30-1,"Yes","No")),"-"),) -> 0 | K30: Attack | L30: 10 | U30: =IFERROR(VLOOKUP($L30,'Chief & Hero Data'!$E$190:$O$200,MATCH($M30,'Chief & Hero Data'!$E$189:$O$189,0),FALSE),"")
A31: Gen 9 | B31: Infantry | C31: Magnus | D31: 5 | F31: =IFERROR(VLOOKUP($D31,'Chief & Hero Data'!$G$68:$AM$101,MATCH($E31,'Chief & Hero Data'!$G$69:$AM$69,0),FALSE),"-") -> - | I31: =IFERROR(VLOOKUP($D31,'Chief & Hero Data'!$G$68:$AM$101,MATCH($E31,'Chief & Hero Data'!$G$69:$AM$69,0),FALSE)-G31,"-") -> - | J31: =IFERROR(IF(VLOOKUP(E31,'Chief & Hero Data'!$B$70:$C$101,2,FALSE)>VLOOKUP(D31,'Chief & Hero Data'!$B$70:$C$101,2,FALSE),IF(ISNUMBER(F31)=FALSE,"-",IF((G31+H31)>F31-1,"Yes","No")),"-"),) -> 0 | K31: Defense | L31: 10 | V31: =IFERROR(VLOOKUP($L31,'Chief & Hero Data'!$E$190:$O$200,MATCH($M31,'Chief & Hero Data'!$E$189:$O$189,0),FALSE),"")
B32: Lancer | C32: Fred | D32: 5 | F32: =IFERROR(VLOOKUP($D32,'Chief & Hero Data'!$G$68:$AM$101,MATCH($E32,'Chief & Hero Data'!$G$69:$AM$69,0),FALSE),"-") -> - | I32: =IFERROR(VLOOKUP($D32,'Chief & Hero Data'!$G$68:$AM$101,MATCH($E32,'Chief & Hero Data'!$G$69:$AM$69,0),FALSE)-G32,"-") -> - | J32: =IFERROR(IF(VLOOKUP(E32,'Chief & Hero Data'!$B$70:$C$101,2,FALSE)>VLOOKUP(D32,'Chief & Hero Data'!$B$70:$C$101,2,FALSE),IF(ISNUMBER(F32)=FALSE,"-",IF((G32+H32)>F32-1,"Yes","No")),"-"),) -> 0 | K32: Attack | L32: 10 | V32: =IFERROR(VLOOKUP($L32,'Chief & Hero Data'!$E$190:$O$200,MATCH($M32,'Chief & Hero Data'!$E$189:$O$189,0),FALSE),"")
B33: Marksman | C33: Xura | D33: 5 | F33: =IFERROR(VLOOKUP($D33,'Chief & Hero Data'!$G$68:$AM$101,MATCH($E33,'Chief & Hero Data'!$G$69:$AM$69,0),FALSE),"-") -> - | I33: =IFERROR(VLOOKUP($D33,'Chief & Hero Data'!$G$68:$AM$101,MATCH($E33,'Chief & Hero Data'!$G$69:$AM$69,0),FALSE)-G33,"-") -> - | J33: =IFERROR(IF(VLOOKUP(E33,'Chief & Hero Data'!$B$70:$C$101,2,FALSE)>VLOOKUP(D33,'Chief & Hero Data'!$B$70:$C$101,2,FALSE),IF(ISNUMBER(F33)=FALSE,"-",IF((G33+H33)>F33-1,"Yes","No")),"-"),) -> 0 | K33: Defense | L33: 10 | V33: =IFERROR(VLOOKUP($L33,'Chief & Hero Data'!$E$190:$O$200,MATCH($M33,'Chief & Hero Data'!$E$189:$O$189,0),FALSE),"")
A34: Gen 10 | B34: Infantry | C34: Gregory | D34: Unlocked | E34: 5 | F34: =IFERROR(VLOOKUP($D34,'Chief & Hero Data'!$G$68:$AM$101,MATCH($E34,'Chief & Hero Data'!$G$69:$AM$69,0),FALSE),"-") -> 1065 | G34: 106 | H34: 959 | I34: =IFERROR(VLOOKUP($D34,'Chief & Hero Data'!$G$68:$AM$101,MATCH($E34,'Chief & Hero Data'!$G$69:$AM$69,0),FALSE)-G34,"-") -> 959 | J34: =IFERROR(IF(VLOOKUP(E34,'Chief & Hero Data'!$B$70:$C$101,2,FALSE)>VLOOKUP(D34,'Chief & Hero Data'!$B$70:$C$101,2,FALSE),IF(ISNUMBER(F34)=FALSE,"-",IF((G34+H34)>F34-1,"Yes","No")),"-"),) -> Yes | K34: Defense | L34: 0 | M34: 10 | W34: =IFERROR(VLOOKUP($L34,'Chief & Hero Data'!$E$190:$O$200,MATCH($M34,'Chief & Hero Data'!$E$189:$O$189,0),FALSE),"") -> 275
B35: Lancer | C35: Freya | D35: Unlocked | E35: 5 | F35: =IFERROR(VLOOKUP($D35,'Chief & Hero Data'!$G$68:$AM$101,MATCH($E35,'Chief & Hero Data'!$G$69:$AM$69,0),FALSE),"-") -> 1065 | G35: 10 | H35: 1055 | I35: =IFERROR(VLOOKUP($D35,'Chief & Hero Data'!$G$68:$AM$101,MATCH($E35,'Chief & Hero Data'!$G$69:$AM$69,0),FALSE)-G35,"-") -> 1055 | J35: =IFERROR(IF(VLOOKUP(E35,'Chief & Hero Data'!$B$70:$C$101,2,FALSE)>VLOOKUP(D35,'Chief & Hero Data'!$B$70:$C$101,2,FALSE),IF(ISNUMBER(F35)=FALSE,"-",IF((G35+H35)>F35-1,"Yes","No")),"-"),) -> Yes | K35: Defense | L35: 0 | M35: 10 | W35: =IFERROR(VLOOKUP($L35,'Chief & Hero Data'!$E$190:$O$200,MATCH($M35,'Chief & Hero Data'!$E$189:$O$189,0),FALSE),"") -> 275
B36: Marksman | C36: Blanchette | D36: Unlocked | E36: 5 | F36: =IFERROR(VLOOKUP($D36,'Chief & Hero Data'!$G$68:$AM$101,MATCH($E36,'Chief & Hero Data'!$G$69:$AM$69,0),FALSE),"-") -> 1065 | G36: 275 | H36: 790 | I36: =IFERROR(VLOOKUP($D36,'Chief & Hero Data'!$G$68:$AM$101,MATCH($E36,'Chief & Hero Data'!$G$69:$AM$69,0),FALSE)-G36,"-") -> 790 | J36: =IFERROR(IF(VLOOKUP(E36,'Chief & Hero Data'!$B$70:$C$101,2,FALSE)>VLOOKUP(D36,'Chief & Hero Data'!$B$70:$C$101,2,FALSE),IF(ISNUMBER(F36)=FALSE,"-",IF((G36+H36)>F36-1,"Yes","No")),"-"),) -> Yes | K36: Attack | L36: 0 | M36: 10 | W36: =IFERROR(VLOOKUP($L36,'Chief & Hero Data'!$E$190:$O$200,MATCH($M36,'Chief & Hero Data'!$E$189:$O$189,0),FALSE),"") -> 275
A37: Gen 11 | B37: Infantry | C37: Eleonora | D37: Locked | F37: =IFERROR(VLOOKUP($D37,'Chief & Hero Data'!$G$68:$AM$101,MATCH($E37,'Chief & Hero Data'!$G$69:$AM$69,0),FALSE),"-") -> - | I37: =IFERROR(VLOOKUP($D37,'Chief & Hero Data'!$G$68:$AM$101,MATCH($E37,'Chief & Hero Data'!$G$69:$AM$69,0),FALSE)-G37,"-") -> - | J37: =IFERROR(IF(VLOOKUP(E37,'Chief & Hero Data'!$B$70:$C$101,2,FALSE)>VLOOKUP(D37,'Chief & Hero Data'!$B$70:$C$101,2,FALSE),IF(ISNUMBER(F37)=FALSE,"-",IF((G37+H37)>F37-1,"Yes","No")),"-"),) -> 0 | K37: Defense | X37: =IFERROR(VLOOKUP($L37,'Chief & Hero Data'!$E$190:$O$200,MATCH($M37,'Chief & Hero Data'!$E$189:$O$189,0),FALSE),"")
B38: Lancer | C38: Lloyd | D38: Locked | F38: =IFERROR(VLOOKUP($D38,'Chief & Hero Data'!$G$68:$AM$101,MATCH($E38,'Chief & Hero Data'!$G$69:$AM$69,0),FALSE),"-") -> - | I38: =IFERROR(VLOOKUP($D38,'Chief & Hero Data'!$G$68:$AM$101,MATCH($E38,'Chief & Hero Data'!$G$69:$AM$69,0),FALSE)-G38,"-") -> - | J38: =IFERROR(IF(VLOOKUP(E38,'Chief & Hero Data'!$B$70:$C$101,2,FALSE)>VLOOKUP(D38,'Chief & Hero Data'!$B$70:$C$101,2,FALSE),IF(ISNUMBER(F38)=FALSE,"-",IF((G38+H38)>F38-1,"Yes","No")),"-"),) -> 0 | K38: Defense | X38: =IFERROR(VLOOKUP($L38,'Chief & Hero Data'!$E$190:$O$200,MATCH($M38,'Chief & Hero Data'!$E$189:$O$189,0),FALSE),"")
B39: Marksman | C39: Rufus | D39: Locked | F39: =IFERROR(VLOOKUP($D39,'Chief & Hero Data'!$G$68:$AM$101,MATCH($E39,'Chief & Hero Data'!$G$69:$AM$69,0),FALSE),"-") -> - | I39: =IFERROR(VLOOKUP($D39,'Chief & Hero Data'!$G$68:$AM$101,MATCH($E39,'Chief & Hero Data'!$G$69:$AM$69,0),FALSE)-G39,"-") -> - | J39: =IFERROR(IF(VLOOKUP(E39,'Chief & Hero Data'!$B$70:$C$101,2,FALSE)>VLOOKUP(D39,'Chief & Hero Data'!$B$70:$C$101,2,FALSE),IF(ISNUMBER(F39)=FALSE,"-",IF((G39+H39)>F39-1,"Yes","No")),"-"),) -> 0 | K39: Attack | X39: =IFERROR(VLOOKUP($L39,'Chief & Hero Data'!$E$190:$O$200,MATCH($M39,'Chief & Hero Data'!$E$189:$O$189,0),FALSE),"")
A40: Gen 12 | B40: Infantry | C40: Hervor | D40: Locked | F40: =IFERROR(VLOOKUP($D40,'Chief & Hero Data'!$G$68:$AM$101,MATCH($E40,'Chief & Hero Data'!$G$69:$AM$69,0),FALSE),"-") -> - | I40: =IFERROR(VLOOKUP($D40,'Chief & Hero Data'!$G$68:$AM$101,MATCH($E40,'Chief & Hero Data'!$G$69:$AM$69,0),FALSE)-G40,"-") -> - | J40: =IFERROR(IF(VLOOKUP(E40,'Chief & Hero Data'!$B$70:$C$101,2,FALSE)>VLOOKUP(D40,'Chief & Hero Data'!$B$70:$C$101,2,FALSE),IF(ISNUMBER(F40)=FALSE,"-",IF((G40+H40)>F40-1,"Yes","No")),"-"),) -> 0 | K40: Defense | Y40: =IFERROR(VLOOKUP($L40,'Chief & Hero Data'!$E$190:$O$200,MATCH($M40,'Chief & Hero Data'!$E$189:$O$189,0),FALSE),"")
B41: Lancer | C41: Karol | D41: Locked | F41: =IFERROR(VLOOKUP($D41,'Chief & Hero Data'!$G$68:$AM$101,MATCH($E41,'Chief & Hero Data'!$G$69:$AM$69,0),FALSE),"-") -> - | I41: =IFERROR(VLOOKUP($D41,'Chief & Hero Data'!$G$68:$AM$101,MATCH($E41,'Chief & Hero Data'!$G$69:$AM$69,0),FALSE)-G41,"-") -> - | J41: =IFERROR(IF(VLOOKUP(E41,'Chief & Hero Data'!$B$70:$C$101,2,FALSE)>VLOOKUP(D41,'Chief & Hero Data'!$B$70:$C$101,2,FALSE),IF(ISNUMBER(F41)=FALSE,"-",IF((G41+H41)>F41-1,"Yes","No")),"-"),) -> 0 | K41: Attack | Y41: =IFERROR(VLOOKUP($L41,'Chief & Hero Data'!$E$190:$O$200,MATCH($M41,'Chief & Hero Data'!$E$189:$O$189,0),FALSE),"")
B42: Marksman | C42: Ligeia | D42: Locked | F42: =IFERROR(VLOOKUP($D42,'Chief & Hero Data'!$G$68:$AM$101,MATCH($E42,'Chief & Hero Data'!$G$69:$AM$69,0),FALSE),"-") -> - | I42: =IFERROR(VLOOKUP($D42,'Chief & Hero Data'!$G$68:$AM$101,MATCH($E42,'Chief & Hero Data'!$G$69:$AM$69,0),FALSE)-G42,"-") -> - | J42: =IFERROR(IF(VLOOKUP(E42,'Chief & Hero Data'!$B$70:$C$101,2,FALSE)>VLOOKUP(D42,'Chief & Hero Data'!$B$70:$C$101,2,FALSE),IF(ISNUMBER(F42)=FALSE,"-",IF((G42+H42)>F42-1,"Yes","No")),"-"),) -> 0 | K42: Defense | Y42: =IFERROR(VLOOKUP($L42,'Chief & Hero Data'!$E$190:$O$200,MATCH($M42,'Chief & Hero Data'!$E$189:$O$189,0),FALSE),"")
A43: Gen 13 | B43: Infantry | C43: Gisela | D43: Locked | F43: =IFERROR(VLOOKUP($D43,'Chief & Hero Data'!$G$68:$AM$101,MATCH($E43,'Chief & Hero Data'!$G$69:$AM$69,0),FALSE),"-") -> - | I43: =IFERROR(VLOOKUP($D43,'Chief & Hero Data'!$G$68:$AM$101,MATCH($E43,'Chief & Hero Data'!$G$69:$AM$69,0),FALSE)-G43,"-") -> - | J43: =IFERROR(IF(VLOOKUP(E43,'Chief & Hero Data'!$B$70:$C$101,2,FALSE)>VLOOKUP(D43,'Chief & Hero Data'!$B$70:$C$101,2,FALSE),IF(ISNUMBER(F43)=FALSE,"-",IF((G43+H43)>F43-1,"Yes","No")),"-"),) -> 0 | K43: Defense | Z43: =IFERROR(VLOOKUP($L43,'Chief & Hero Data'!$E$190:$O$200,MATCH($M43,'Chief & Hero Data'!$E$189:$O$189,0),FALSE),"")
B44: Lancer | C44: Flora | D44: Locked | F44: =IFERROR(VLOOKUP($D44,'Chief & Hero Data'!$G$68:$AM$101,MATCH($E44,'Chief & Hero Data'!$G$69:$AM$69,0),FALSE),"-") -> - | I44: =IFERROR(VLOOKUP($D44,'Chief & Hero Data'!$G$68:$AM$101,MATCH($E44,'Chief & Hero Data'!$G$69:$AM$69,0),FALSE)-G44,"-") -> - | J44: =IFERROR(IF(VLOOKUP(E44,'Chief & Hero Data'!$B$70:$C$101,2,FALSE)>VLOOKUP(D44,'Chief & Hero Data'!$B$70:$C$101,2,FALSE),IF(ISNUMBER(F44)=FALSE,"-",IF((G44+H44)>F44-1,"Yes","No")),"-"),) -> 0 | K44: Defense | Z44: =IFERROR(VLOOKUP($L44,'Chief & Hero Data'!$E$190:$O$200,MATCH($M44,'Chief & Hero Data'!$E$189:$O$189,0),FALSE),"")
B45: Marksman | C45: Vulcanus | D45: Locked | F45: =IFERROR(VLOOKUP($D45,'Chief & Hero Data'!$G$68:$AM$101,MATCH($E45,'Chief & Hero Data'!$G$69:$AM$69,0),FALSE),"-") -> - | I45: =IFERROR(VLOOKUP($D45,'Chief & Hero Data'!$G$68:$AM$101,MATCH($E45,'Chief & Hero Data'!$G$69:$AM$69,0),FALSE)-G45,"-") -> - | J45: =IFERROR(IF(VLOOKUP(E45,'Chief & Hero Data'!$B$70:$C$101,2,FALSE)>VLOOKUP(D45,'Chief & Hero Data'!$B$70:$C$101,2,FALSE),IF(ISNUMBER(F45)=FALSE,"-",IF((G45+H45)>F45-1,"Yes","No")),"-"),) -> 0 | K45: Attack | Z45: =IFERROR(VLOOKUP($L45,'Chief & Hero Data'!$E$190:$O$200,MATCH($M45,'Chief & Hero Data'!$E$189:$O$189,0),FALSE),"")
A46: Epic | B46: Infantry | C46: Sergey | D46: 5 | F46: =IFERROR(VLOOKUP($D46,'Chief & Hero Data'!$G$68:$AM$101,MATCH($E46,'Chief & Hero Data'!$G$69:$AM$69,0),FALSE),"-") -> - | I46: =IFERROR(VLOOKUP($D46,'Chief & Hero Data'!$G$68:$AM$101,MATCH($E46,'Chief & Hero Data'!$G$69:$AM$69,0),FALSE)-G46,"-") -> - | J46: =IFERROR(IF(VLOOKUP(E46,'Chief & Hero Data'!$B$70:$C$101,2,FALSE)>VLOOKUP(D46,'Chief & Hero Data'!$B$70:$C$101,2,FALSE),IF(ISNUMBER(F46)=FALSE,"-",IF((G46+H46)>F46-1,"Yes","No")),"-"),) -> 0 | N46: Gen 1 | O46: Gen 2 | P46: Gen 3 | Q46: Gen 4 | R46: Gen 5 | S46: Gen 6 | T46: Gen 7 | U46: Gen 8 | V46: Gen 9 | W46: Gen 10 | X46: Gen 11 | Y46: Gen 12 | Z46: Gen 13
B47: Lancer | C47: Patrick | D47: 5 | F47: =IFERROR(VLOOKUP($D47,'Chief & Hero Data'!$G$68:$AM$101,MATCH($E47,'Chief & Hero Data'!$G$69:$AM$69,0),FALSE),"-") -> - | I47: =IFERROR(VLOOKUP($D47,'Chief & Hero Data'!$G$68:$AM$101,MATCH($E47,'Chief & Hero Data'!$G$69:$AM$69,0),FALSE)-G47,"-") -> - | J47: =IFERROR(IF(VLOOKUP(E47,'Chief & Hero Data'!$B$70:$C$101,2,FALSE)>VLOOKUP(D47,'Chief & Hero Data'!$B$70:$C$101,2,FALSE),IF(ISNUMBER(F47)=FALSE,"-",IF((G47+H47)>F47-1,"Yes","No")),"-"),) -> 0 | M47: Total | N47: =SUM(N$6:N$45) -> 275 | O47: =SUM(O$6:O$45) -> 0 | P47: =SUM(P$6:P$45) -> 0 | Q47: =SUM(Q$6:Q$45) -> 0 | R47: =SUM(R$6:R$45) -> 0 | S47: =SUM(S$6:S$45) -> 0 | T47: =SUM(T$6:T$45) -> 0 | U47: =SUM(U$6:U$45) -> 0 | ... Z47: =SUM(Z$6:Z$45) -> 0
B48: Lancer | C48: Jessie | D48: 5 | F48: =IFERROR(VLOOKUP($D48,'Chief & Hero Data'!$G$68:$AM$101,MATCH($E48,'Chief & Hero Data'!$G$69:$AM$69,0),FALSE)+IF(D48="Locked",30,),"-") -> - | I48: =IFERROR(VLOOKUP($D48,'Chief & Hero Data'!$G$68:$AM$101,MATCH($E48,'Chief & Hero Data'!$G$69:$AM$69,0),FALSE)+IF(D48="Locked",30,)-G48,"-") -> - | J48: =IFERROR(IF(VLOOKUP(E48,'Chief & Hero Data'!$B$70:$C$101,2,FALSE)>VLOOKUP(D48,'Chief & Hero Data'!$B$70:$C$101,2,FALSE),IF(ISNUMBER(F48)=FALSE,"-",IF((G48+H48)>F48-1,"Yes","No")),"-"),) -> 0 | M48: Available | W48: 650
B49: Marksman | C49: Bahiti | D49: 5 | F49: =IFERROR(VLOOKUP($D49,'Chief & Hero Data'!$G$68:$AM$101,MATCH($E49,'Chief & Hero Data'!$G$69:$AM$69,0),FALSE),"-") -> - | I49: =IFERROR(VLOOKUP($D49,'Chief & Hero Data'!$G$68:$AM$101,MATCH($E49,'Chief & Hero Data'!$G$69:$AM$69,0),FALSE)-G49,"-") -> - | J49: =IFERROR(IF(VLOOKUP(E49,'Chief & Hero Data'!$B$70:$C$101,2,FALSE)>VLOOKUP(D49,'Chief & Hero Data'!$B$70:$C$101,2,FALSE),IF(ISNUMBER(F49)=FALSE,"-",IF((G49+H49)>F49-1,"Yes","No")),"-"),) -> 0 | M49: Needed | N49: =N47-N48 -> 275 | O49: =O47-O48 -> 0 | P49: =P47-P48 -> 0 | Q49: =Q47-Q48 -> 0 | R49: =R47-R48 -> 0 | S49: =S47-S48 -> 0 | T49: =T47-T48 -> 0 | U49: =U47-U48 -> 0 | ... Z49: =Z47-Z48 -> 0
B50: Marksman | C50: Gina | D50: 5 | F50: =IFERROR(VLOOKUP($D50,'Chief & Hero Data'!$G$68:$AM$101,MATCH($E50,'Chief & Hero Data'!$G$69:$AM$69,0),FALSE),"-") -> - | I50: =IFERROR(VLOOKUP($D50,'Chief & Hero Data'!$G$68:$AM$101,MATCH($E50,'Chief & Hero Data'!$G$69:$AM$69,0),FALSE)-G50,"-") -> - | J50: =IFERROR(IF(VLOOKUP(E50,'Chief & Hero Data'!$B$70:$C$101,2,FALSE)>VLOOKUP(D50,'Chief & Hero Data'!$B$70:$C$101,2,FALSE),IF(ISNUMBER(F50)=FALSE,"-",IF((G50+H50)>F50-1,"Yes","No")),"-"),) -> 0
B51: Lancer | C51: Walis Bokan | D51: 5 | F51: =IFERROR(VLOOKUP($D51,'Chief & Hero Data'!$G$68:$AM$101,MATCH($E51,'Chief & Hero Data'!$G$69:$AM$69,0),FALSE),"-") -> - | I51: =IFERROR(VLOOKUP($D51,'Chief & Hero Data'!$G$68:$AM$101,MATCH($E51,'Chief & Hero Data'!$G$69:$AM$69,0),FALSE)-G51,"-") -> - | J51: =IFERROR(IF(VLOOKUP(E51,'Chief & Hero Data'!$B$70:$C$101,2,FALSE)>VLOOKUP(D51,'Chief & Hero Data'!$B$70:$C$101,2,FALSE),IF(ISNUMBER(F51)=FALSE,"-",IF((G51+H51)>F51-1,"Yes","No")),"-"),) -> 0
B52: Marksman | C52: Jasser | D52: 5 | F52: =IFERROR(VLOOKUP($D52,'Chief & Hero Data'!$G$68:$AM$101,MATCH($E52,'Chief & Hero Data'!$G$69:$AM$69,0),FALSE),"-") -> - | I52: =IFERROR(VLOOKUP($D52,'Chief & Hero Data'!$G$68:$AM$101,MATCH($E52,'Chief & Hero Data'!$G$69:$AM$69,0),FALSE)-G52,"-") -> - | J52: =IFERROR(IF(VLOOKUP(E52,'Chief & Hero Data'!$B$70:$C$101,2,FALSE)>VLOOKUP(D52,'Chief & Hero Data'!$B$70:$C$101,2,FALSE),IF(ISNUMBER(F52)=FALSE,"-",IF((G52+H52)>F52-1,"Yes","No")),"-"),) -> 0 | M52: SVS Points
B53: Marksman | C53: Seo Yoon | D53: 5 | F53: =IFERROR(VLOOKUP($D53,'Chief & Hero Data'!$G$68:$AM$101,MATCH($E53,'Chief & Hero Data'!$G$69:$AM$69,0),FALSE),"-") -> - | I53: =IFERROR(VLOOKUP($D53,'Chief & Hero Data'!$G$68:$AM$101,MATCH($E53,'Chief & Hero Data'!$G$69:$AM$69,0),FALSE)-G53,"-") -> - | J53: =IFERROR(IF(VLOOKUP(E53,'Chief & Hero Data'!$B$70:$C$101,2,FALSE)>VLOOKUP(D53,'Chief & Hero Data'!$B$70:$C$101,2,FALSE),IF(ISNUMBER(F53)=FALSE,"-",IF((G53+H53)>F53-1,"Yes","No")),"-"),) -> 0 | M53: Shards | O53: Widgets
B54: Lancer | C54: Ling Xue | D54: 5 | F54: =IFERROR(VLOOKUP($D54,'Chief & Hero Data'!$G$68:$AM$101,MATCH($E54,'Chief & Hero Data'!$G$69:$AM$69,0),FALSE),"-") -> - | I54: =IFERROR(VLOOKUP($D54,'Chief & Hero Data'!$G$68:$AM$101,MATCH($E54,'Chief & Hero Data'!$G$69:$AM$69,0),FALSE)-G54,"-") -> - | J54: =IFERROR(IF(VLOOKUP(E54,'Chief & Hero Data'!$B$70:$C$101,2,FALSE)>VLOOKUP(D54,'Chief & Hero Data'!$B$70:$C$101,2,FALSE),IF(ISNUMBER(F54)=FALSE,"-",IF((G54+H54)>F54-1,"Yes","No")),"-"),) -> 0 | M54: =(F59)*3040+(F60)*1220+(F61)*350 -> 9712800 | O54: =SUMIF(N49:Z49,"<1",N47:Z47)*8000 -> 0
A55: Rare | B55: Infantry | C55: Smith | D55: 5 | F55: =IFERROR(VLOOKUP($D55,'Chief & Hero Data'!$G$68:$AM$101,MATCH($E55,'Chief & Hero Data'!$G$69:$AM$69,0),FALSE),"-") -> - | I55: =IFERROR(VLOOKUP($D55,'Chief & Hero Data'!$G$68:$AM$101,MATCH($E55,'Chief & Hero Data'!$G$69:$AM$69,0),FALSE)-G55,"-") -> - | J55: =IFERROR(IF(VLOOKUP(E55,'Chief & Hero Data'!$B$70:$C$101,2,FALSE)>VLOOKUP(D55,'Chief & Hero Data'!$B$70:$C$101,2,FALSE),IF(ISNUMBER(F55)=FALSE,"-",IF((G55+H55)>F55-1,"Yes","No")),"-"),) -> 0
B56: Infantry | C56: Eugene | D56: 5 | F56: =IFERROR(VLOOKUP($D56,'Chief & Hero Data'!$G$68:$AM$101,MATCH($E56,'Chief & Hero Data'!$G$69:$AM$69,0),FALSE),"-") -> - | I56: =IFERROR(VLOOKUP($D56,'Chief & Hero Data'!$G$68:$AM$101,MATCH($E56,'Chief & Hero Data'!$G$69:$AM$69,0),FALSE)-G56,"-") -> - | J56: =IFERROR(IF(VLOOKUP(E56,'Chief & Hero Data'!$B$70:$C$101,2,FALSE)>VLOOKUP(D56,'Chief & Hero Data'!$B$70:$C$101,2,FALSE),IF(ISNUMBER(F56)=FALSE,"-",IF((G56+H56)>F56-1,"Yes","No")),"-"),) -> 0
B57: Lancer | C57: Charlie | D57: 5 | F57: =IFERROR(VLOOKUP($D57,'Chief & Hero Data'!$G$68:$AM$101,MATCH($E57,'Chief & Hero Data'!$G$69:$AM$69,0),FALSE),"-") -> - | I57: =IFERROR(VLOOKUP($D57,'Chief & Hero Data'!$G$68:$AM$101,MATCH($E57,'Chief & Hero Data'!$G$69:$AM$69,0),FALSE)-G57,"-") -> - | J57: =IFERROR(IF(VLOOKUP(E57,'Chief & Hero Data'!$B$70:$C$101,2,FALSE)>VLOOKUP(D57,'Chief & Hero Data'!$B$70:$C$101,2,FALSE),IF(ISNUMBER(F57)=FALSE,"-",IF((G57+H57)>F57-1,"Yes","No")),"-"),) -> 0
B58: Marksman | C58: Cloris | D58: 5 | F58: =IFERROR(VLOOKUP($D58,'Chief & Hero Data'!$G$68:$AM$101,MATCH($E58,'Chief & Hero Data'!$G$69:$AM$69,0),FALSE),"-") -> - | I58: =IFERROR(VLOOKUP($D58,'Chief & Hero Data'!$G$68:$AM$101,MATCH($E58,'Chief & Hero Data'!$G$69:$AM$69,0),FALSE)-G58,"-") -> - | J58: =IFERROR(IF(VLOOKUP(E58,'Chief & Hero Data'!$B$70:$C$101,2,FALSE)>VLOOKUP(D58,'Chief & Hero Data'!$B$70:$C$101,2,FALSE),IF(ISNUMBER(F58)=FALSE,"-",IF((G58+H58)>F58-1,"Yes","No")),"-"),) -> 0
C59: Mythic Shards Spent | F59: =SUMIF(J6:J45,"Yes",F6:F45) -> 3195 | H59: =SUMIF(J6:J45,"Yes",H6:H45) -> 2804 | I59: Mythic General Shards Spent
C60: Epic Shards Spent | F60: =SUMIF(J46:J54,"Yes",F46:F54) -> 0 | H60: =SUMIF(J46:J54,"Yes",H46:H54) -> 0 | I60: Epic General Shards Spent
C61: Rare Shards Spent | F61: =SUMIF(J55:J58,"Yes",F55:F58) -> 0 | H61: =SUMIF(J55:J58,"Yes",H55:H58) -> 0 | I61: Rare General Shards Spent

Sheet Chief & Hero Data
B2: Chief Gear | C2: Hardened Alloy | J2: Polishing Solution | Q2: Design Plans | X2: Lunar Amber | AE2: Power | AL2: Level Up Gear Score
A3: 0 | B3: 0 | C3: Total | D3: Remaining Hat | E3: Remaining Watch | F3: Remaining Coat | G3: Remaining Pants | H3: Remaining Ring | I3: Remaining Cudgel | J3: Total | K3: Remaining Hat | L3: Remaining Watch | M3: Remaining Coat | N3: Remaining Pants | O3: Remaining Ring | P3: Remaining Cudgel | Q3: Total | R3: Remaining Hat | S3: Remaining Watch | T3: Remaining Coat | U3: Remaining Pants | V3: Remaining Ring | W3: Remaining Cudgel | X3: Total | Y3: Remaining Hat | Z3: Remaining Watch | AA3: Remaining Coat | AB3: Remaining Pants | AC3: Remaining Ring | AD3: Remaining Cudgel | AE3: Total | AF3: Hat | AG3: Watch | AH3: Coat | AI3: Pants | AJ3: Ring | AK3: Cudgel | AL3: Total | AM3: Hat | AN3: Watch | AO3: Coat | AP3: Pants | AQ3: Ring | AR3: Cudgel
A4: Green | B4: 1 | C4: 1500 | D4: =IF($B4>VLOOKUP(_xlfn.SINGLE(HatDesiredLevel),$A$3:$B$45,2,FALSE),"",IF($B4>VLOOKUP(_xlfn.SINGLE(HatCurrentLevel),$A$3:$B$45,2,FALSE),$C4,"")) -> #N/A | E4: =IF($B4>VLOOKUP(WatchDesiredLevel,$A$3:$B$45,2,FALSE),"",IF($B4>VLOOKUP(WatchCurrentLevel,$A$3:$B$45,2,FALSE),$C4,"")) -> #N/A | F4: =IF($B4>VLOOKUP(_xlfn.SINGLE(CoatDesiredLevel),$A$3:$B$45,2,FALSE),"",IF($B4>VLOOKUP(_xlfn.SINGLE(CoatCurrentLevel),$A$3:$B$45,2,FALSE),$C4,"")) -> #N/A | G4: =IF($B4>VLOOKUP(_xlfn.SINGLE(PantsDesiredLevel),$A$3:$B$45,2,FALSE),"",IF($B4>VLOOKUP(_xlfn.SINGLE(PantsCurrentLevel),$A$3:$B$45,2,FALSE),$C4,"")) -> #N/A | H4: =IF($B4>VLOOKUP(RingDesiredLevel,$A$3:$B$45,2,FALSE),"",IF($B4>VLOOKUP(RingCurrentLevel,$A$3:$B$45,2,FALSE),$C4,"")) -> #N/A | I4: =IF($B4>VLOOKUP(_xlfn.SINGLE(CudgelDesiredLevel),$A$3:$B$45,2,FALSE),"",IF($B4>VLOOKUP(_xlfn.SINGLE(CudgelCurrentLevel),$A$3:$B$45,2,FALSE),$C4,"")) -> #N/A | J4: 15 | K4: =IF($B4>VLOOKUP(_xlfn.SINGLE(HatDesiredLevel),$A$3:$B$45,2,FALSE),"",IF($B4>VLOOKUP(_xlfn.SINGLE(HatCurrentLevel),$A$3:$B$45,2,FALSE),$J4,"")) -> #N/A | L4: =IF($B4>VLOOKUP(WatchDesiredLevel,$A$3:$B$45,2,FALSE),"",IF($B4>VLOOKUP(WatchCurrentLevel,$A$3:$B$45,2,FALSE),$J4,"")) -> #N/A | M4: =IF($B4>VLOOKUP(_xlfn.SINGLE(CoatDesiredLevel),$A$3:$B$45,2,FALSE),"",IF($B4>VLOOKUP(_xlfn.SINGLE(CoatCurrentLevel),$A$3:$B$45,2,FALSE),$J4,"")) -> #N/A | N4: =IF($B4>VLOOKUP(_xlfn.SINGLE(PantsDesiredLevel),$A$3:$B$45,2,FALSE),"",IF($B4>VLOOKUP(_xlfn.SINGLE(PantsCurrentLevel),$A$3:$B$45,2,FALSE),$J4,"")) -> #N/A | O4: =IF($B4>VLOOKUP(RingDesiredLevel,$A$3:$B$45,2,FALSE),"",IF($B4>VLOOKUP(RingCurrentLevel,$A$3:$B$45,2,FALSE),$J4,"")) -> #N/A | P4: =IF($B4>VLOOKUP(_xlfn.SINGLE(CudgelDesiredLevel),$A$3:$B$45,2,FALSE),"",IF($B4>VLOOKUP(_xlfn.SINGLE(CudgelCurrentLevel),$A$3:$B$45,2,FALSE),$J4,"")) -> #N/A | Q4: 0 | R4: =IF($B4>VLOOKUP(_xlfn.SINGLE(HatDesiredLevel),$A$3:$B$45,2,FALSE),"",IF($B4>VLOOKUP(_xlfn.SINGLE(HatCurrentLevel),$A$3:$B$45,2,FALSE),$Q4,"")) -> #N/A | S4: =IF($B4>VLOOKUP(WatchDesiredLevel,$A$3:$B$45,2,FALSE),"",IF($B4>VLOOKUP(WatchCurrentLevel,$A$3:$B$45,2,FALSE),$Q4,"")) -> #N/A | T4: =IF($B4>VLOOKUP(_xlfn.SINGLE(CoatDesiredLevel),$A$3:$B$45,2,FALSE),"",IF($B4>VLOOKUP(_xlfn.SINGLE(CoatCurrentLevel),$A$3:$B$45,2,FALSE),$Q4,"")) -> #N/A | U4: =IF($B4>VLOOKUP(_xlfn.SINGLE(PantsDesiredLevel),$A$3:$B$45,2,FALSE),"",IF($B4>VLOOKUP(_xlfn.SINGLE(PantsCurrentLevel),$A$3:$B$45,2,FALSE),$Q4,"")) -> #N/A | V4: =IF($B4>VLOOKUP(RingDesiredLevel,$A$3:$B$45,2,FALSE),"",IF($B4>VLOOKUP(RingCurrentLevel,$A$3:$B$45,2,FALSE),$Q4,"")) -> #N/A | W4: =IF($B4>VLOOKUP(_xlfn.SINGLE(CudgelDesiredLevel),$A$3:$B$45,2,FALSE),"",IF($B4>VLOOKUP(_xlfn.SINGLE(CudgelCurrentLevel),$A$3:$B$45,2,FALSE),$Q4,"")) -> #N/A | X4: 0 | Y4: =IF($B4>VLOOKUP(_xlfn.SINGLE(HatDesiredLevel),$A$3:$B$45,2,FALSE),"",IF($B4>VLOOKUP(_xlfn.SINGLE(HatCurrentLevel),$A$3:$B$45,2,FALSE),$X4,"")) -> #N/A | Z4: =IF($B4>VLOOKUP(WatchDesiredLevel,$A$3:$B$45,2,FALSE),"",IF($B4>VLOOKUP(WatchCurrentLevel,$A$3:$B$45,2,FALSE),$X4,"")) -> #N/A | AA4: =IF($B4>VLOOKUP(_xlfn.SINGLE(CoatDesiredLevel),$A$3:$B$45,2,FALSE),"",IF($B4>VLOOKUP(_xlfn.SINGLE(CoatCurrentLevel),$A$3:$B$45,2,FALSE),$X4,"")) -> #N/A | AB4: =IF($B4>VLOOKUP(_xlfn.SINGLE(PantsDesiredLevel),$A$3:$B$45,2,FALSE),"",IF($B4>VLOOKUP(_xlfn.SINGLE(PantsCurrentLevel),$A$3:$B$45,2,FALSE),$X4,"")) -> #N/A | AC4: =IF($B4>VLOOKUP(RingDesiredLevel,$A$3:$B$45,2,FALSE),"",IF($B4>VLOOKUP(RingCurrentLevel,$A$3:$B$45,2,FALSE),$X4,"")) -> #N/A | AD4: =IF($B4>VLOOKUP(_xlfn.SINGLE(CudgelDesiredLevel),$A$3:$B$45,2,FALSE),"",IF($B4>VLOOKUP(_xlfn.SINGLE(CudgelCurrentLevel),$A$3:$B$45,2,FALSE),$X4,"")) -> #N/A | AE4: 224400 | AF4: =IF($B4=VLOOKUP(_xlfn.SINGLE(HatCurrentLevel),$A$3:$B$45,2,FALSE),$AE4,IF($B4=VLOOKUP(_xlfn.SINGLE(HatDesiredLevel),$A$3:$B$45,2,FALSE),$AE4,"")) -> #N/A | AG4: =IF($B4=VLOOKUP(WatchCurrentLevel,$A$3:$B$45,2,FALSE),$AE4,IF($B4=VLOOKUP(WatchDesiredLevel,$A$3:$B$45,2,FALSE),$AE4,"")) -> #N/A | AH4: =IF($B4=VLOOKUP(_xlfn.SINGLE(CoatCurrentLevel),$A$3:$B$45,2,FALSE),$AE4,IF($B4=VLOOKUP(_xlfn.SINGLE(CoatDesiredLevel),$A$3:$B$45,2,FALSE),$AE4,"")) -> #N/A | AI4: =IF($B4=VLOOKUP(_xlfn.SINGLE(PantsCurrentLevel),$A$3:$B$45,2,FALSE),$AE4,IF($B4=VLOOKUP(_xlfn.SINGLE(PantsDesiredLevel),$A$3:$B$45,2,FALSE),$AE4,"")) -> #N/A | AJ4: =IF($B4=VLOOKUP(RingCurrentLevel,$A$3:$B$45,2,FALSE),$AE4,IF($B4=VLOOKUP(RingDesiredLevel,$A$3:$B$45,2,FALSE),$AE4,"")) -> #N/A | AK4: =IF($B4=VLOOKUP(_xlfn.SINGLE(CudgelCurrentLevel),$A$3:$B$45,2,FALSE),$AE4,IF($B4=VLOOKUP(_xlfn.SINGLE(CudgelDesiredLevel),$A$3:$B$45,2,FALSE),$AE4,"")) -> #N/A | AL4: 1125 | AM4: =IF($B4>VLOOKUP(_xlfn.SINGLE(HatDesiredLevel),$A$3:$B$45,2,FALSE),"",IF($B4>VLOOKUP(_xlfn.SINGLE(HatCurrentLevel),$A$3:$B$45,2,FALSE),$AL4,"")) -> #N/A | AN4: =IF($B4>VLOOKUP(WatchDesiredLevel,$A$3:$B$45,2,FALSE),"",IF($B4>VLOOKUP(WatchCurrentLevel,$A$3:$B$45,2,FALSE),$AL4,"")) -> #N/A | AO4: =IF($B4>VLOOKUP(_xlfn.SINGLE(CoatDesiredLevel),$A$3:$B$45,2,FALSE),"",IF($B4>VLOOKUP(_xlfn.SINGLE(CoatCurrentLevel),$A$3:$B$45,2,FALSE),$AL4,"")) -> #N/A | AP4: =IF($B4>VLOOKUP(_xlfn.SINGLE(PantsDesiredLevel),$A$3:$B$45,2,FALSE),"",IF($B4>VLOOKUP(_xlfn.SINGLE(PantsCurrentLevel),$A$3:$B$45,2,FALSE),$AL4,"")) -> #N/A | AQ4: =IF($B4>VLOOKUP(RingDesiredLevel,$A$3:$B$45,2,FALSE),"",IF($B4>VLOOKUP(RingCurrentLevel,$A$3:$B$45,2,FALSE),$AL4,"")) -> #N/A | AR4: =IF($B4>VLOOKUP(_xlfn.SINGLE(CudgelDesiredLevel),$A$3:$B$45,2,FALSE),"",IF($B4>VLOOKUP(_xlfn.SINGLE(CudgelCurrentLevel),$A$3:$B$45,2,FALSE),$AL4,"")) -> #N/A
A5: Green 1* | B5: 2 | C5: 3800 | D5: =IF($B5>VLOOKUP(_xlfn.SINGLE(HatDesiredLevel),$A$3:$B$45,2,FALSE),"",IF($B5>VLOOKUP(_xlfn.SINGLE(HatCurrentLevel),$A$3:$B$45,2,FALSE),$C5,"")) -> #N/A | E5: =IF($B5>VLOOKUP(WatchDesiredLevel,$A$3:$B$45,2,FALSE),"",IF($B5>VLOOKUP(WatchCurrentLevel,$A$3:$B$45,2,FALSE),$C5,"")) -> #N/A | F5: =IF($B5>VLOOKUP(_xlfn.SINGLE(CoatDesiredLevel),$A$3:$B$45,2,FALSE),"",IF($B5>VLOOKUP(_xlfn.SINGLE(CoatCurrentLevel),$A$3:$B$45,2,FALSE),$C5,"")) -> #N/A | G5: =IF($B5>VLOOKUP(_xlfn.SINGLE(PantsDesiredLevel),$A$3:$B$45,2,FALSE),"",IF($B5>VLOOKUP(_xlfn.SINGLE(PantsCurrentLevel),$A$3:$B$45,2,FALSE),$C5,"")) -> #N/A | H5: =IF($B5>VLOOKUP(RingDesiredLevel,$A$3:$B$45,2,FALSE),"",IF($B5>VLOOKUP(RingCurrentLevel,$A$3:$B$45,2,FALSE),$C5,"")) -> #N/A | I5: =IF($B5>VLOOKUP(_xlfn.SINGLE(CudgelDesiredLevel),$A$3:$B$45,2,FALSE),"",IF($B5>VLOOKUP(_xlfn.SINGLE(CudgelCurrentLevel),$A$3:$B$45,2,FALSE),$C5,"")) -> #N/A | J5: 40 | K5: =IF($B5>VLOOKUP(_xlfn.SINGLE(HatDesiredLevel),$A$3:$B$45,2,FALSE),"",IF($B5>VLOOKUP(_xlfn.SINGLE(HatCurrentLevel),$A$3:$B$45,2,FALSE),$J5,"")) -> #N/A | L5: =IF($B5>VLOOKUP(WatchDesiredLevel,$A$3:$B$45,2,FALSE),"",IF($B5>VLOOKUP(WatchCurrentLevel,$A$3:$B$45,2,FALSE),$J5,"")) -> #N/A | M5: =IF($B5>VLOOKUP(_xlfn.SINGLE(CoatDesiredLevel),$A$3:$B$45,2,FALSE),"",IF($B5>VLOOKUP(_xlfn.SINGLE(CoatCurrentLevel),$A$3:$B$45,2,FALSE),$J5,"")) -> #N/A | N5: =IF($B5>VLOOKUP(_xlfn.SINGLE(PantsDesiredLevel),$A$3:$B$45,2,FALSE),"",IF($B5>VLOOKUP(_xlfn.SINGLE(PantsCurrentLevel),$A$3:$B$45,2,FALSE),$J5,"")) -> #N/A | O5: =IF($B5>VLOOKUP(RingDesiredLevel,$A$3:$B$45,2,FALSE),"",IF($B5>VLOOKUP(RingCurrentLevel,$A$3:$B$45,2,FALSE),$J5,"")) -> #N/A | P5: =IF($B5>VLOOKUP(_xlfn.SINGLE(CudgelDesiredLevel),$A$3:$B$45,2,FALSE),"",IF($B5>VLOOKUP(_xlfn.SINGLE(CudgelCurrentLevel),$A$3:$B$45,2,FALSE),$J5,"")) -> #N/A | Q5: 0 | R5: =IF($B5>VLOOKUP(_xlfn.SINGLE(HatDesiredLevel),$A$3:$B$45,2,FALSE),"",IF($B5>VLOOKUP(_xlfn.SINGLE(HatCurrentLevel),$A$3:$B$45,2,FALSE),$Q5,"")) -> #N/A | S5: =IF($B5>VLOOKUP(WatchDesiredLevel,$A$3:$B$45,2,FALSE),"",IF($B5>VLOOKUP(WatchCurrentLevel,$A$3:$B$45,2,FALSE),$Q5,"")) -> #N/A | T5: =IF($B5>VLOOKUP(_xlfn.SINGLE(CoatDesiredLevel),$A$3:$B$45,2,FALSE),"",IF($B5>VLOOKUP(_xlfn.SINGLE(CoatCurrentLevel),$A$3:$B$45,2,FALSE),$Q5,"")) -> #N/A | U5: =IF($B5>VLOOKUP(_xlfn.SINGLE(PantsDesiredLevel),$A$3:$B$45,2,FALSE),"",IF($B5>VLOOKUP(_xlfn.SINGLE(PantsCurrentLevel),$A$3:$B$45,2,FALSE),$Q5,"")) -> #N/A | V5: =IF($B5>VLOOKUP(RingDesiredLevel,$A$3:$B$45,2,FALSE),"",IF($B5>VLOOKUP(RingCurrentLevel,$A$3:$B$45,2,FALSE),$Q5,"")) -> #N/A | W5: =IF($B5>VLOOKUP(_xlfn.SINGLE(CudgelDesiredLevel),$A$3:$B$45,2,FALSE),"",IF($B5>VLOOKUP(_xlfn.SINGLE(CudgelCurrentLevel),$A$3:$B$45,2,FALSE),$Q5,"")) -> #N/A | X5: 0 | Y5: =IF($B5>VLOOKUP(_xlfn.SINGLE(HatDesiredLevel),$A$3:$B$45,2,FALSE),"",IF($B5>VLOOKUP(_xlfn.SINGLE(HatCurrentLevel),$A$3:$B$45,2,FALSE),$X5,"")) -> #N/A | Z5: =IF($B5>VLOOKUP(WatchDesiredLevel,$A$3:$B$45,2,FALSE),"",IF($B5>VLOOKUP(WatchCurrentLevel,$A$3:$B$45,2,FALSE),$X5,"")) -> #N/A | AA5: =IF($B5>VLOOKUP(_xlfn.SINGLE(CoatDesiredLevel),$A$3:$B$45,2,FALSE),"",IF($B5>VLOOKUP(_xlfn.SINGLE(CoatCurrentLevel),$A$3:$B$45,2,FALSE),$X5,"")) -> #N/A | AB5: =IF($B5>VLOOKUP(_xlfn.SINGLE(PantsDesiredLevel),$A$3:$B$45,2,FALSE),"",IF($B5>VLOOKUP(_xlfn.SINGLE(PantsCurrentLevel),$A$3:$B$45,2,FALSE),$X5,"")) -> #N/A | AC5: =IF($B5>VLOOKUP(RingDesiredLevel,$A$3:$B$45,2,FALSE),"",IF($B5>VLOOKUP(RingCurrentLevel,$A$3:$B$45,2,FALSE),$X5,"")) -> #N/A | AD5: =IF($B5>VLOOKUP(_xlfn.SINGLE(CudgelDesiredLevel),$A$3:$B$45,2,FALSE),"",IF($B5>VLOOKUP(_xlfn.SINGLE(CudgelCurrentLevel),$A$3:$B$45,2,FALSE),$X5,"")) -> #N/A | AE5: 306000 | AF5: =IF($B5=VLOOKUP(_xlfn.SINGLE(HatCurrentLevel),$A$3:$B$45,2,FALSE),$AE5,IF($B5=VLOOKUP(_xlfn.SINGLE(HatDesiredLevel),$A$3:$B$45,2,FALSE),$AE5,"")) -> #N/A | AG5: =IF($B5=VLOOKUP(WatchCurrentLevel,$A$3:$B$45,2,FALSE),$AE5,IF($B5=VLOOKUP(WatchDesiredLevel,$A$3:$B$45,2,FALSE),$AE5,"")) -> #N/A | AH5: =IF($B5=VLOOKUP(_xlfn.SINGLE(CoatCurrentLevel),$A$3:$B$45,2,FALSE),$AE5,IF($B5=VLOOKUP(_xlfn.SINGLE(CoatDesiredLevel),$A$3:$B$45,2,FALSE),$AE5,"")) -> #N/A | AI5: =IF($B5=VLOOKUP(_xlfn.SINGLE(PantsCurrentLevel),$A$3:$B$45,2,FALSE),$AE5,IF($B5=VLOOKUP(_xlfn.SINGLE(PantsDesiredLevel),$A$3:$B$45,2,FALSE),$AE5,"")) -> #N/A | AJ5: =IF($B5=VLOOKUP(RingCurrentLevel,$A$3:$B$45,2,FALSE),$AE5,IF($B5=VLOOKUP(RingDesiredLevel,$A$3:$B$45,2,FALSE),$AE5,"")) -> #N/A | AK5: =IF($B5=VLOOKUP(_xlfn.SINGLE(CudgelCurrentLevel),$A$3:$B$45,2,FALSE),$AE5,IF($B5=VLOOKUP(_xlfn.SINGLE(CudgelDesiredLevel),$A$3:$B$45,2,FALSE),$AE5,"")) -> #N/A | AL5: 1875 | AM5: =IF($B5>VLOOKUP(_xlfn.SINGLE(HatDesiredLevel),$A$3:$B$45,2,FALSE),"",IF($B5>VLOOKUP(_xlfn.SINGLE(HatCurrentLevel),$A$3:$B$45,2,FALSE),$AL5,"")) -> #N/A | AN5: =IF($B5>VLOOKUP(WatchDesiredLevel,$A$3:$B$45,2,FALSE),"",IF($B5>VLOOKUP(WatchCurrentLevel,$A$3:$B$45,2,FALSE),$AL5,"")) -> #N/A | AO5: =IF($B5>VLOOKUP(_xlfn.SINGLE(CoatDesiredLevel),$A$3:$B$45,2,FALSE),"",IF($B5>VLOOKUP(_xlfn.SINGLE(CoatCurrentLevel),$A$3:$B$45,2,FALSE),$AL5,"")) -> #N/A | AP5: =IF($B5>VLOOKUP(_xlfn.SINGLE(PantsDesiredLevel),$A$3:$B$45,2,FALSE),"",IF($B5>VLOOKUP(_xlfn.SINGLE(PantsCurrentLevel),$A$3:$B$45,2,FALSE),$AL5,"")) -> #N/A | AQ5: =IF($B5>VLOOKUP(RingDesiredLevel,$A$3:$B$45,2,FALSE),"",IF($B5>VLOOKUP(RingCurrentLevel,$A$3:$B$45,2,FALSE),$AL5,"")) -> #N/A | AR5: =IF($B5>VLOOKUP(_xlfn.SINGLE(CudgelDesiredLevel),$A$3:$B$45,2,FALSE),"",IF($B5>VLOOKUP(_xlfn.SINGLE(CudgelCurrentLevel),$A$3:$B$45,2,FALSE),$AL5,"")) -> #N/A
A6: Blue | B6: 3 | C6: 7000 | D6: =IF($B6>VLOOKUP(_xlfn.SINGLE(HatDesiredLevel),$A$3:$B$45,2,FALSE),"",IF($B6>VLOOKUP(_xlfn.SINGLE(HatCurrentLevel),$A$3:$B$45,2,FALSE),$C6,"")) -> #N/A | E6: =IF($B6>VLOOKUP(WatchDesiredLevel,$A$3:$B$45,2,FALSE),"",IF($B6>VLOOKUP(WatchCurrentLevel,$A$3:$B$45,2,FALSE),$C6,"")) -> #N/A | F6: =IF($B6>VLOOKUP(_xlfn.SINGLE(CoatDesiredLevel),$A$3:$B$45,2,FALSE),"",IF($B6>VLOOKUP(_xlfn.SINGLE(CoatCurrentLevel),$A$3:$B$45,2,FALSE),$C6,"")) -> #N/A | G6: =IF($B6>VLOOKUP(_xlfn.SINGLE(PantsDesiredLevel),$A$3:$B$45,2,FALSE),"",IF($B6>VLOOKUP(_xlfn.SINGLE(PantsCurrentLevel),$A$3:$B$45,2,FALSE),$C6,"")) -> #N/A | H6: =IF($B6>VLOOKUP(RingDesiredLevel,$A$3:$B$45,2,FALSE),"",IF($B6>VLOOKUP(RingCurrentLevel,$A$3:$B$45,2,FALSE),$C6,"")) -> #N/A | I6: =IF($B6>VLOOKUP(_xlfn.SINGLE(CudgelDesiredLevel),$A$3:$B$45,2,FALSE),"",IF($B6>VLOOKUP(_xlfn.SINGLE(CudgelCurrentLevel),$A$3:$B$45,2,FALSE),$C6,"")) -> #N/A | J6: 70 | K6: =IF($B6>VLOOKUP(_xlfn.SINGLE(HatDesiredLevel),$A$3:$B$45,2,FALSE),"",IF($B6>VLOOKUP(_xlfn.SINGLE(HatCurrentLevel),$A$3:$B$45,2,FALSE),$J6,"")) -> #N/A | L6: =IF($B6>VLOOKUP(WatchDesiredLevel,$A$3:$B$45,2,FALSE),"",IF($B6>VLOOKUP(WatchCurrentLevel,$A$3:$B$45,2,FALSE),$J6,"")) -> #N/A | M6: =IF($B6>VLOOKUP(_xlfn.SINGLE(CoatDesiredLevel),$A$3:$B$45,2,FALSE),"",IF($B6>VLOOKUP(_xlfn.SINGLE(CoatCurrentLevel),$A$3:$B$45,2,FALSE),$J6,"")) -> #N/A | N6: =IF($B6>VLOOKUP(_xlfn.SINGLE(PantsDesiredLevel),$A$3:$B$45,2,FALSE),"",IF($B6>VLOOKUP(_xlfn.SINGLE(PantsCurrentLevel),$A$3:$B$45,2,FALSE),$J6,"")) -> #N/A | O6: =IF($B6>VLOOKUP(RingDesiredLevel,$A$3:$B$45,2,FALSE),"",IF($B6>VLOOKUP(RingCurrentLevel,$A$3:$B$45,2,FALSE),$J6,"")) -> #N/A | P6: =IF($B6>VLOOKUP(_xlfn.SINGLE(CudgelDesiredLevel),$A$3:$B$45,2,FALSE),"",IF($B6>VLOOKUP(_xlfn.SINGLE(CudgelCurrentLevel),$A$3:$B$45,2,FALSE),$J6,"")) -> #N/A | Q6: 0 | R6: =IF($B6>VLOOKUP(_xlfn.SINGLE(HatDesiredLevel),$A$3:$B$45,2,FALSE),"",IF($B6>VLOOKUP(_xlfn.SINGLE(HatCurrentLevel),$A$3:$B$45,2,FALSE),$Q6,"")) -> #N/A | S6: =IF($B6>VLOOKUP(WatchDesiredLevel,$A$3:$B$45,2,FALSE),"",IF($B6>VLOOKUP(WatchCurrentLevel,$A$3:$B$45,2,FALSE),$Q6,"")) -> #N/A | T6: =IF($B6>VLOOKUP(_xlfn.SINGLE(CoatDesiredLevel),$A$3:$B$45,2,FALSE),"",IF($B6>VLOOKUP(_xlfn.SINGLE(CoatCurrentLevel),$A$3:$B$45,2,FALSE),$Q6,"")) -> #N/A | U6: =IF($B6>VLOOKUP(_xlfn.SINGLE(PantsDesiredLevel),$A$3:$B$45,2,FALSE),"",IF($B6>VLOOKUP(_xlfn.SINGLE(PantsCurrentLevel),$A$3:$B$45,2,FALSE),$Q6,"")) -> #N/A | V6: =IF($B6>VLOOKUP(RingDesiredLevel,$A$3:$B$45,2,FALSE),"",IF($B6>VLOOKUP(RingCurrentLevel,$A$3:$B$45,2,FALSE),$Q6,"")) -> #N/A | W6: =IF($B6>VLOOKUP(_xlfn.SINGLE(CudgelDesiredLevel),$A$3:$B$45,2,FALSE),"",IF($B6>VLOOKUP(_xlfn.SINGLE(CudgelCurrentLevel),$A$3:$B$45,2,FALSE),$Q6,"")) -> #N/A | X6: 0 | Y6: =IF($B6>VLOOKUP(_xlfn.SINGLE(HatDesiredLevel),$A$3:$B$45,2,FALSE),"",IF($B6>VLOOKUP(_xlfn.SINGLE(HatCurrentLevel),$A$3:$B$45,2,FALSE),$X6,"")) -> #N/A | Z6: =IF($B6>VLOOKUP(WatchDesiredLevel,$A$3:$B$45,2,FALSE),"",IF($B6>VLOOKUP(WatchCurrentLevel,$A$3:$B$45,2,FALSE),$X6,"")) -> #N/A | AA6: =IF($B6>VLOOKUP(_xlfn.SINGLE(CoatDesiredLevel),$A$3:$B$45,2,FALSE),"",IF($B6>VLOOKUP(_xlfn.SINGLE(CoatCurrentLevel),$A$3:$B$45,2,FALSE),$X6,"")) -> #N/A | AB6: =IF($B6>VLOOKUP(_xlfn.SINGLE(PantsDesiredLevel),$A$3:$B$45,2,FALSE),"",IF($B6>VLOOKUP(_xlfn.SINGLE(PantsCurrentLevel),$A$3:$B$45,2,FALSE),$X6,"")) -> #N/A | AC6: =IF($B6>VLOOKUP(RingDesiredLevel,$A$3:$B$45,2,FALSE),"",IF($B6>VLOOKUP(RingCurrentLevel,$A$3:$B$45,2,FALSE),$X6,"")) -> #N/A | AD6: =IF($B6>VLOOKUP(_xlfn.SINGLE(CudgelDesiredLevel),$A$3:$B$45,2,FALSE),"",IF($B6>VLOOKUP(_xlfn.SINGLE(CudgelCurrentLevel),$A$3:$B$45,2,FALSE),$X6,"")) -> #N/A | AE6: 408000 | AF6: =IF($B6=VLOOKUP(_xlfn.SINGLE(HatCurrentLevel),$A$3:$B$45,2,FALSE),$AE6,IF($B6=VLOOKUP(_xlfn.SINGLE(HatDesiredLevel),$A$3:$B$45,2,FALSE),$AE6,"")) -> #N/A | AG6: =IF($B6=VLOOKUP(WatchCurrentLevel,$A$3:$B$45,2,FALSE),$AE6,IF($B6=VLOOKUP(WatchDesiredLevel,$A$3:$B$45,2,FALSE),$AE6,"")) -> #N/A | AH6: =IF($B6=VLOOKUP(_xlfn.SINGLE(CoatCurrentLevel),$A$3:$B$45,2,FALSE),$AE6,IF($B6=VLOOKUP(_xlfn.SINGLE(CoatDesiredLevel),$A$3:$B$45,2,FALSE),$AE6,"")) -> #N/A | AI6: =IF($B6=VLOOKUP(_xlfn.SINGLE(PantsCurrentLevel),$A$3:$B$45,2,FALSE),$AE6,IF($B6=VLOOKUP(_xlfn.SINGLE(PantsDesiredLevel),$A$3:$B$45,2,FALSE),$AE6,"")) -> #N/A | AJ6: =IF($B6=VLOOKUP(RingCurrentLevel,$A$3:$B$45,2,FALSE),$AE6,IF($B6=VLOOKUP(RingDesiredLevel,$A$3:$B$45,2,FALSE),$AE6,"")) -> #N/A | AK6: =IF($B6=VLOOKUP(_xlfn.SINGLE(CudgelCurrentLevel),$A$3:$B$45,2,FALSE),$AE6,IF($B6=VLOOKUP(_xlfn.SINGLE(CudgelDesiredLevel),$A$3:$B$45,2,FALSE),$AE6,"")) -> #N/A | AL6: 3000 | AM6: =IF($B6>VLOOKUP(_xlfn.SINGLE(HatDesiredLevel),$A$3:$B$45,2,FALSE),"",IF($B6>VLOOKUP(_xlfn.SINGLE(HatCurrentLevel),$A$3:$B$45,2,FALSE),$AL6,"")) -> #N/A | AN6: =IF($B6>VLOOKUP(WatchDesiredLevel,$A$3:$B$45,2,FALSE),"",IF($B6>VLOOKUP(WatchCurrentLevel,$A$3:$B$45,2,FALSE),$AL6,"")) -> #N/A | AO6: =IF($B6>VLOOKUP(_xlfn.SINGLE(CoatDesiredLevel),$A$3:$B$45,2,FALSE),"",IF($B6>VLOOKUP(_xlfn.SINGLE(CoatCurrentLevel),$A$3:$B$45,2,FALSE),$AL6,"")) -> #N/A | AP6: =IF($B6>VLOOKUP(_xlfn.SINGLE(PantsDesiredLevel),$A$3:$B$45,2,FALSE),"",IF($B6>VLOOKUP(_xlfn.SINGLE(PantsCurrentLevel),$A$3:$B$45,2,FALSE),$AL6,"")) -> #N/A | AQ6: =IF($B6>VLOOKUP(RingDesiredLevel,$A$3:$B$45,2,FALSE),"",IF($B6>VLOOKUP(RingCurrentLevel,$A$3:$B$45,2,FALSE),$AL6,"")) -> #N/A | AR6: =IF($B6>VLOOKUP(_xlfn.SINGLE(CudgelDesiredLevel),$A$3:$B$45,2,FALSE),"",IF($B6>VLOOKUP(_xlfn.SINGLE(CudgelCurrentLevel),$A$3:$B$45,2,FALSE),$AL6,"")) -> #N/A
A7: Blue 1* | B7: 4 | C7: 9700 | D7: =IF($B7>VLOOKUP(_xlfn.SINGLE(HatDesiredLevel),$A$3:$B$45,2,FALSE),"",IF($B7>VLOOKUP(_xlfn.SINGLE(HatCurrentLevel),$A$3:$B$45,2,FALSE),$C7,"")) -> #N/A | E7: =IF($B7>VLOOKUP(WatchDesiredLevel,$A$3:$B$45,2,FALSE),"",IF($B7>VLOOKUP(WatchCurrentLevel,$A$3:$B$45,2,FALSE),$C7,"")) -> #N/A | F7: =IF($B7>VLOOKUP(_xlfn.SINGLE(CoatDesiredLevel),$A$3:$B$45,2,FALSE),"",IF($B7>VLOOKUP(_xlfn.SINGLE(CoatCurrentLevel),$A$3:$B$45,2,FALSE),$C7,"")) -> #N/A | G7: =IF($B7>VLOOKUP(_xlfn.SINGLE(PantsDesiredLevel),$A$3:$B$45,2,FALSE),"",IF($B7>VLOOKUP(_xlfn.SINGLE(PantsCurrentLevel),$A$3:$B$45,2,FALSE),$C7,"")) -> #N/A | H7: =IF($B7>VLOOKUP(RingDesiredLevel,$A$3:$B$45,2,FALSE),"",IF($B7>VLOOKUP(RingCurrentLevel,$A$3:$B$45,2,FALSE),$C7,"")) -> #N/A | I7: =IF($B7>VLOOKUP(_xlfn.SINGLE(CudgelDesiredLevel),$A$3:$B$45,2,FALSE),"",IF($B7>VLOOKUP(_xlfn.SINGLE(CudgelCurrentLevel),$A$3:$B$45,2,FALSE),$C7,"")) -> #N/A | J7: 95 | K7: =IF($B7>VLOOKUP(_xlfn.SINGLE(HatDesiredLevel),$A$3:$B$45,2,FALSE),"",IF($B7>VLOOKUP(_xlfn.SINGLE(HatCurrentLevel),$A$3:$B$45,2,FALSE),$J7,"")) -> #N/A | L7: =IF($B7>VLOOKUP(WatchDesiredLevel,$A$3:$B$45,2,FALSE),"",IF($B7>VLOOKUP(WatchCurrentLevel,$A$3:$B$45,2,FALSE),$J7,"")) -> #N/A | M7: =IF($B7>VLOOKUP(_xlfn.SINGLE(CoatDesiredLevel),$A$3:$B$45,2,FALSE),"",IF($B7>VLOOKUP(_xlfn.SINGLE(CoatCurrentLevel),$A$3:$B$45,2,FALSE),$J7,"")) -> #N/A | N7: =IF($B7>VLOOKUP(_xlfn.SINGLE(PantsDesiredLevel),$A$3:$B$45,2,FALSE),"",IF($B7>VLOOKUP(_xlfn.SINGLE(PantsCurrentLevel),$A$3:$B$45,2,FALSE),$J7,"")) -> #N/A | O7: =IF($B7>VLOOKUP(RingDesiredLevel,$A$3:$B$45,2,FALSE),"",IF($B7>VLOOKUP(RingCurrentLevel,$A$3:$B$45,2,FALSE),$J7,"")) -> #N/A | P7: =IF($B7>VLOOKUP(_xlfn.SINGLE(CudgelDesiredLevel),$A$3:$B$45,2,FALSE),"",IF($B7>VLOOKUP(_xlfn.SINGLE(CudgelCurrentLevel),$A$3:$B$45,2,FALSE),$J7,"")) -> #N/A | Q7: 0 | R7: =IF($B7>VLOOKUP(_xlfn.SINGLE(HatDesiredLevel),$A$3:$B$45,2,FALSE),"",IF($B7>VLOOKUP(_xlfn.SINGLE(HatCurrentLevel),$A$3:$B$45,2,FALSE),$Q7,"")) -> #N/A | S7: =IF($B7>VLOOKUP(WatchDesiredLevel,$A$3:$B$45,2,FALSE),"",IF($B7>VLOOKUP(WatchCurrentLevel,$A$3:$B$45,2,FALSE),$Q7,"")) -> #N/A | T7: =IF($B7>VLOOKUP(_xlfn.SINGLE(CoatDesiredLevel),$A$3:$B$45,2,FALSE),"",IF($B7>VLOOKUP(_xlfn.SINGLE(CoatCurrentLevel),$A$3:$B$45,2,FALSE),$Q7,"")) -> #N/A | U7: =IF($B7>VLOOKUP(_xlfn.SINGLE(PantsDesiredLevel),$A$3:$B$45,2,FALSE),"",IF($B7>VLOOKUP(_xlfn.SINGLE(PantsCurrentLevel),$A$3:$B$45,2,FALSE),$Q7,"")) -> #N/A | V7: =IF($B7>VLOOKUP(RingDesiredLevel,$A$3:$B$45,2,FALSE),"",IF($B7>VLOOKUP(RingCurrentLevel,$A$3:$B$45,2,FALSE),$Q7,"")) -> #N/A | W7: =IF($B7>VLOOKUP(_xlfn.SINGLE(CudgelDesiredLevel),$A$3:$B$45,2,FALSE),"",IF($B7>VLOOKUP(_xlfn.SINGLE(CudgelCurrentLevel),$A$3:$B$45,2,FALSE),$Q7,"")) -> #N/A | X7: 0 | Y7: =IF($B7>VLOOKUP(_xlfn.SINGLE(HatDesiredLevel),$A$3:$B$45,2,FALSE),"",IF($B7>VLOOKUP(_xlfn.SINGLE(HatCurrentLevel),$A$3:$B$45,2,FALSE),$X7,"")) -> #N/A | Z7: =IF($B7>VLOOKUP(WatchDesiredLevel,$A$3:$B$45,2,FALSE),"",IF($B7>VLOOKUP(WatchCurrentLevel,$A$3:$B$45,2,FALSE),$X7,"")) -> #N/A | AA7: =IF($B7>VLOOKUP(_xlfn.SINGLE(CoatDesiredLevel),$A$3:$B$45,2,FALSE),"",IF($B7>VLOOKUP(_xlfn.SINGLE(CoatCurrentLevel),$A$3:$B$45,2,FALSE),$X7,"")) -> #N/A | AB7: =IF($B7>VLOOKUP(_xlfn.SINGLE(PantsDesiredLevel),$A$3:$B$45,2,FALSE),"",IF($B7>VLOOKUP(_xlfn.SINGLE(PantsCurrentLevel),$A$3:$B$45,2,FALSE),$X7,"")) -> #N/A | AC7: =IF($B7>VLOOKUP(RingDesiredLevel,$A$3:$B$45,2,FALSE),"",IF($B7>VLOOKUP(RingCurrentLevel,$A$3:$B$45,2,FALSE),$X7,"")) -> #N/A | AD7: =IF($B7>VLOOKUP(_xlfn.SINGLE(CudgelDesiredLevel),$A$3:$B$45,2,FALSE),"",IF($B7>VLOOKUP(_xlfn.SINGLE(CudgelCurrentLevel),$A$3:$B$45,2,FALSE),$X7,"")) -> #N/A | AE7: 510000 | AF7: =IF($B7=VLOOKUP(_xlfn.SINGLE(HatCurrentLevel),$A$3:$B$45,2,FALSE),$AE7,IF($B7=VLOOKUP(_xlfn.SINGLE(HatDesiredLevel),$A$3:$B$45,2,FALSE),$AE7,"")) -> #N/A | AG7: =IF($B7=VLOOKUP(WatchCurrentLevel,$A$3:$B$45,2,FALSE),$AE7,IF($B7=VLOOKUP(WatchDesiredLevel,$A$3:$B$45,2,FALSE),$AE7,"")) -> #N/A | AH7: =IF($B7=VLOOKUP(_xlfn.SINGLE(CoatCurrentLevel),$A$3:$B$45,2,FALSE),$AE7,IF($B7=VLOOKUP(_xlfn.SINGLE(CoatDesiredLevel),$A$3:$B$45,2,FALSE),$AE7,"")) -> #N/A | AI7: =IF($B7=VLOOKUP(_xlfn.SINGLE(PantsCurrentLevel),$A$3:$B$45,2,FALSE),$AE7,IF($B7=VLOOKUP(_xlfn.SINGLE(PantsDesiredLevel),$A$3:$B$45,2,FALSE),$AE7,"")) -> #N/A | AJ7: =IF($B7=VLOOKUP(RingCurrentLevel,$A$3:$B$45,2,FALSE),$AE7,IF($B7=VLOOKUP(RingDesiredLevel,$A$3:$B$45,2,FALSE),$AE7,"")) -> #N/A | AK7: =IF($B7=VLOOKUP(_xlfn.SINGLE(CudgelCurrentLevel),$A$3:$B$45,2,FALSE),$AE7,IF($B7=VLOOKUP(_xlfn.SINGLE(CudgelDesiredLevel),$A$3:$B$45,2,FALSE),$AE7,"")) -> #N/A | AL7: 4500 | AM7: =IF($B7>VLOOKUP(_xlfn.SINGLE(HatDesiredLevel),$A$3:$B$45,2,FALSE),"",IF($B7>VLOOKUP(_xlfn.SINGLE(HatCurrentLevel),$A$3:$B$45,2,FALSE),$AL7,"")) -> #N/A | AN7: =IF($B7>VLOOKUP(WatchDesiredLevel,$A$3:$B$45,2,FALSE),"",IF($B7>VLOOKUP(WatchCurrentLevel,$A$3:$B$45,2,FALSE),$AL7,"")) -> #N/A | AO7: =IF($B7>VLOOKUP(_xlfn.SINGLE(CoatDesiredLevel),$A$3:$B$45,2,FALSE),"",IF($B7>VLOOKUP(_xlfn.SINGLE(CoatCurrentLevel),$A$3:$B$45,2,FALSE),$AL7,"")) -> #N/A | AP7: =IF($B7>VLOOKUP(_xlfn.SINGLE(PantsDesiredLevel),$A$3:$B$45,2,FALSE),"",IF($B7>VLOOKUP(_xlfn.SINGLE(PantsCurrentLevel),$A$3:$B$45,2,FALSE),$AL7,"")) -> #N/A | AQ7: =IF($B7>VLOOKUP(RingDesiredLevel,$A$3:$B$45,2,FALSE),"",IF($B7>VLOOKUP(RingCurrentLevel,$A$3:$B$45,2,FALSE),$AL7,"")) -> #N/A | AR7: =IF($B7>VLOOKUP(_xlfn.SINGLE(CudgelDesiredLevel),$A$3:$B$45,2,FALSE),"",IF($B7>VLOOKUP(_xlfn.SINGLE(CudgelCurrentLevel),$A$3:$B$45,2,FALSE),$AL7,"")) -> #N/A
